Rendszam;Tolatokamera;Tolatoradar;Multifunkcionalis_Kormany;Savtarto;Tempomat
NNS-282;Tolatokamera;Tolatoradar;Multifunkcionalis_Kormany;Savtarto;Tempomat
PRX-203;Nincs;Tolatoradar;Nincs;Nincs;Tempomat
NZS-163;Tolatokamera;Tolatoradar;Multifunkcionalis_Kormany;Savtarto;Tempomat
TOK-794;Tolatokamera;Tolatoradar;Multifunkcionalis_Kormany;Savtarto;Tempomat
MON-853;Nincs;Tolatoradar;Nincs;Nincs;Tempomat
MVO-715;Nincs;Tolatoradar;Nincs;Nincs;Tempomat
AABH-347;Tolatokamera;Tolatoradar;Multifunkcionalis_Kormany;Savtarto;Tempomat
AABN-702;Nincs;Tolatoradar;Nincs;Nincs;Tempomat
MAM-554;Tolatokamera;Tolatoradar;Multifunkcionalis_Kormany;Savtarto;Tempomat
SHK-688;Tolatokamera;Tolatoradar;Multifunkcionalis_Kormany;Savtarto;Tempomat
AAAH-101;Tolatokamera;Tolatoradar;Multifunkcionalis_Kormany;Savtarto;Tempomat
NTS-948;Tolatokamera;Tolatoradar;Multifunkcionalis_Kormany;Savtarto;Tempomat
AABF-755;Tolatokamera;Tolatoradar;Multifunkcionalis_Kormany;Savtarto;Tempomat
SRQ-418;Nincs;Tolatoradar;Multifunkcionalis_Kormany;Savtarto;Tempomat
AACN-075;Nincs;Tolatoradar;Multifunkcionalis_Kormany;Savtarto;Tempomat
AAAG-718;Tolatokamera;Tolatoradar;Multifunkcionalis_Kormany;Savtarto;Tempomat
AAAN-067;Nincs;Tolatoradar;Multifunkcionalis_Kormany;Savtarto;Tempomat
MNC-403;Tolatokamera;Tolatoradar;Multifunkcionalis_Kormany;Savtarto;Tempomat
AABO-764;Nincs;Tolatoradar;Multifunkcionalis_Kormany;Savtarto;Tempomat
AAAJ-137;Tolatokamera;Tolatoradar;Multifunkcionalis_Kormany;Savtarto;Tempomat
SDM-567;Tolatokamera;Tolatoradar;Multifunkcionalis_Kormany;Savtarto;Tempomat
AAAN-952;Tolatokamera;Tolatoradar;Multifunkcionalis_Kormany;Savtarto;Tempomat
AACL-419;Tolatokamera;Tolatoradar;Multifunkcionalis_Kormany;Savtarto;Tempomat
NMJ-057;Tolatokamera;Tolatoradar;Multifunkcionalis_Kormany;Savtarto;Tempomat
SXW-499;Nincs;Tolatoradar;Multifunkcionalis_Kormany;Savtarto;Tempomat
AAAC-430;Tolatokamera;Tolatoradar;Multifunkcionalis_Kormany;Savtarto;Tempomat
RIB-921;Nincs;Tolatoradar;Nincs;Nincs;Tempomat
STL-155;Tolatokamera;Tolatoradar;Multifunkcionalis_Kormany;Savtarto;Tempomat
AAAH-337;Tolatokamera;Tolatoradar;Multifunkcionalis_Kormany;Savtarto;Tempomat
AABO-323;Nincs;Tolatoradar;Multifunkcionalis_Kormany;Savtarto;Tempomat
AAAE-101;Tolatokamera;Tolatoradar;Multifunkcionalis_Kormany;Savtarto;Tempomat
SFL-662;Tolatokamera;Tolatoradar;Multifunkcionalis_Kormany;Savtarto;Tempomat
AAAM-588;Tolatokamera;Tolatoradar;Multifunkcionalis_Kormany;Savtarto;Tempomat
AACE-983;Tolatokamera;Tolatoradar;Multifunkcionalis_Kormany;Savtarto;Tempomat
PNT-966;Nincs;Tolatoradar;Multifunkcionalis_Kormany;Savtarto;Tempomat
SWF-918;Tolatokamera;Tolatoradar;Multifunkcionalis_Kormany;Savtarto;Tempomat
SQI-841;Tolatokamera;Tolatoradar;Multifunkcionalis_Kormany;Savtarto;Tempomat
AAAF-629;Tolatokamera;Tolatoradar;Multifunkcionalis_Kormany;Savtarto;Tempomat
AAAF-282;Tolatokamera;Tolatoradar;Multifunkcionalis_Kormany;Savtarto;Tempomat
AABG-350;Tolatokamera;Tolatoradar;Multifunkcionalis_Kormany;Savtarto;Tempomat
AABH-197;Tolatokamera;Tolatoradar;Multifunkcionalis_Kormany;Savtarto;Tempomat
AACL-912;Tolatokamera;Tolatoradar;Multifunkcionalis_Kormany;Savtarto;Tempomat
PQT-453;Tolatokamera;Tolatoradar;Multifunkcionalis_Kormany;Savtarto;Tempomat
AACN-160;Tolatokamera;Tolatoradar;Multifunkcionalis_Kormany;Savtarto;Tempomat
REU-146;Tolatokamera;Tolatoradar;Multifunkcionalis_Kormany;Savtarto;Tempomat
AACE-293;Tolatokamera;Tolatoradar;Multifunkcionalis_Kormany;Savtarto;Tempomat
PON-882;Tolatokamera;Tolatoradar;Multifunkcionalis_Kormany;Savtarto;Tempomat
SDD-434;Nincs;Tolatoradar;Multifunkcionalis_Kormany;Savtarto;Tempomat
SYV-926;Tolatokamera;Tolatoradar;Multifunkcionalis_Kormany;Savtarto;Tempomat
AABE-601;Tolatokamera;Tolatoradar;Multifunkcionalis_Kormany;Savtarto;Tempomat
MQA-123;Tolatokamera;Tolatoradar;Multifunkcionalis_Kormany;Savtarto;Tempomat
MPV-138;Tolatokamera;Tolatoradar;Multifunkcionalis_Kormany;Savtarto;Tempomat
MPU-248;Tolatokamera;Tolatoradar;Multifunkcionalis_Kormany;Savtarto;Tempomat
SSQ-027;Tolatokamera;Tolatoradar;Multifunkcionalis_Kormany;Savtarto;Tempomat
MXU-541;Tolatokamera;Tolatoradar;Multifunkcionalis_Kormany;Savtarto;Tempomat
AACE-718;Tolatokamera;Tolatoradar;Multifunkcionalis_Kormany;Savtarto;Tempomat
AACC-421;Tolatokamera;Tolatoradar;Multifunkcionalis_Kormany;Savtarto;Tempomat
PAQ-620;Tolatokamera;Tolatoradar;Multifunkcionalis_Kormany;Savtarto;Tempomat
AACE-421;Tolatokamera;Tolatoradar;Multifunkcionalis_Kormany;Savtarto;Tempomat
AABC-009;Tolatokamera;Tolatoradar;Multifunkcionalis_Kormany;Savtarto;Tempomat
NRN-722;Tolatokamera;Tolatoradar;Multifunkcionalis_Kormany;Savtarto;Tempomat
SFZ-934;Tolatokamera;Tolatoradar;Multifunkcionalis_Kormany;Savtarto;Tempomat
NHN-773;Tolatokamera;Tolatoradar;Multifunkcionalis_Kormany;Savtarto;Tempomat
NCR-643;Tolatokamera;Tolatoradar;Multifunkcionalis_Kormany;Savtarto;Tempomat
RBS-088;Tolatokamera;Tolatoradar;Multifunkcionalis_Kormany;Savtarto;Tempomat
AACK-275;Tolatokamera;Tolatoradar;Multifunkcionalis_Kormany;Savtarto;Tempomat
AAAE-423;Nincs;Tolatoradar;Nincs;Nincs;Tempomat
PEW-503;Tolatokamera;Tolatoradar;Multifunkcionalis_Kormany;Savtarto;Tempomat
AAAN-524;Tolatokamera;Tolatoradar;Multifunkcionalis_Kormany;Savtarto;Tempomat
MGO-521;Tolatokamera;Tolatoradar;Multifunkcionalis_Kormany;Savtarto;Tempomat
RQD-342;Tolatokamera;Tolatoradar;Multifunkcionalis_Kormany;Savtarto;Tempomat
AAAL-007;Tolatokamera;Tolatoradar;Multifunkcionalis_Kormany;Savtarto;Tempomat
AABN-693;Tolatokamera;Tolatoradar;Multifunkcionalis_Kormany;Savtarto;Tempomat
TXW-987;Nincs;Tolatoradar;Multifunkcionalis_Kormany;Savtarto;Tempomat
AABO-008;Tolatokamera;Tolatoradar;Multifunkcionalis_Kormany;Savtarto;Tempomat
NSF-383;Tolatokamera;Tolatoradar;Multifunkcionalis_Kormany;Savtarto;Tempomat
AABN-862;Tolatokamera;Tolatoradar;Multifunkcionalis_Kormany;Savtarto;Tempomat
AAAC-197;Nincs;Tolatoradar;Nincs;Nincs;Tempomat
AABL-088;Nincs;Tolatoradar;Nincs;Nincs;Tempomat
AABE-347;Tolatokamera;Tolatoradar;Multifunkcionalis_Kormany;Savtarto;Tempomat
SNX-690;Tolatokamera;Tolatoradar;Multifunkcionalis_Kormany;Savtarto;Tempomat
AACL-774;Tolatokamera;Tolatoradar;Multifunkcionalis_Kormany;Savtarto;Tempomat
AABA-491;Tolatokamera;Tolatoradar;Multifunkcionalis_Kormany;Savtarto;Tempomat
AAAE-890;Tolatokamera;Tolatoradar;Multifunkcionalis_Kormany;Savtarto;Tempomat
AABE-842;Tolatokamera;Tolatoradar;Multifunkcionalis_Kormany;Savtarto;Tempomat
AACO-094;Tolatokamera;Tolatoradar;Multifunkcionalis_Kormany;Savtarto;Tempomat
PDN-553;Tolatokamera;Tolatoradar;Multifunkcionalis_Kormany;Savtarto;Tempomat
AAAB-629;Tolatokamera;Tolatoradar;Multifunkcionalis_Kormany;Savtarto;Tempomat
PRF-134;Nincs;Tolatoradar;Nincs;Nincs;Tempomat
AACI-188;Nincs;Tolatoradar;Multifunkcionalis_Kormany;Savtarto;Tempomat
AABD-286;Nincs;Tolatoradar;Multifunkcionalis_Kormany;Savtarto;Tempomat
NHG-562;Tolatokamera;Tolatoradar;Multifunkcionalis_Kormany;Savtarto;Tempomat
SNE-565;Tolatokamera;Tolatoradar;Multifunkcionalis_Kormany;Savtarto;Tempomat
AAAC-749;Tolatokamera;Tolatoradar;Multifunkcionalis_Kormany;Savtarto;Tempomat
AACM-472;Tolatokamera;Tolatoradar;Multifunkcionalis_Kormany;Savtarto;Tempomat
AACL-831;Tolatokamera;Tolatoradar;Multifunkcionalis_Kormany;Savtarto;Tempomat
TFV-418;Tolatokamera;Tolatoradar;Multifunkcionalis_Kormany;Savtarto;Tempomat
AACB-406;Tolatokamera;Tolatoradar;Multifunkcionalis_Kormany;Savtarto;Tempomat
AAAK-507;Tolatokamera;Tolatoradar;Multifunkcionalis_Kormany;Savtarto;Tempomat
AABA-888;Tolatokamera;Tolatoradar;Multifunkcionalis_Kormany;Savtarto;Tempomat
SUS-244;Tolatokamera;Tolatoradar;Multifunkcionalis_Kormany;Savtarto;Tempomat
PDN-627;Tolatokamera;Tolatoradar;Multifunkcionalis_Kormany;Savtarto;Tempomat
AACE-496;Tolatokamera;Tolatoradar;Multifunkcionalis_Kormany;Savtarto;Tempomat
PCN-733;Tolatokamera;Tolatoradar;Multifunkcionalis_Kormany;Savtarto;Tempomat
NXB-487;Tolatokamera;Tolatoradar;Multifunkcionalis_Kormany;Savtarto;Tempomat
AAAC-380;Tolatokamera;Tolatoradar;Multifunkcionalis_Kormany;Savtarto;Tempomat
TIG-480;Tolatokamera;Tolatoradar;Multifunkcionalis_Kormany;Savtarto;Tempomat
MIB-053;Tolatokamera;Tolatoradar;Multifunkcionalis_Kormany;Savtarto;Tempomat
PHZ-248;Tolatokamera;Tolatoradar;Multifunkcionalis_Kormany;Savtarto;Tempomat
SDO-630;Tolatokamera;Tolatoradar;Multifunkcionalis_Kormany;Savtarto;Tempomat
AACK-745;Tolatokamera;Tolatoradar;Multifunkcionalis_Kormany;Savtarto;Tempomat
SVH-393;Tolatokamera;Tolatoradar;Multifunkcionalis_Kormany;Savtarto;Tempomat
AACB-530;Tolatokamera;Tolatoradar;Multifunkcionalis_Kormany;Savtarto;Tempomat
PNB-655;Tolatokamera;Tolatoradar;Multifunkcionalis_Kormany;Savtarto;Tempomat
NZQ-732;Tolatokamera;Tolatoradar;Multifunkcionalis_Kormany;Savtarto;Tempomat
AACM-795;Nincs;Tolatoradar;Nincs;Nincs;Tempomat
AAAD-559;Tolatokamera;Tolatoradar;Multifunkcionalis_Kormany;Savtarto;Tempomat
RRP-408;Nincs;Tolatoradar;Nincs;Nincs;Tempomat
AACL-275;Tolatokamera;Tolatoradar;Multifunkcionalis_Kormany;Savtarto;Tempomat
AABA-115;Tolatokamera;Tolatoradar;Multifunkcionalis_Kormany;Savtarto;Tempomat
AACF-414;Tolatokamera;Tolatoradar;Multifunkcionalis_Kormany;Savtarto;Tempomat
TJX-236;Tolatokamera;Tolatoradar;Multifunkcionalis_Kormany;Savtarto;Tempomat
SNA-869;Nincs;Tolatoradar;Nincs;Nincs;Tempomat
SLR-996;Tolatokamera;Tolatoradar;Multifunkcionalis_Kormany;Savtarto;Tempomat
TTJ-973;Tolatokamera;Tolatoradar;Multifunkcionalis_Kormany;Savtarto;Tempomat
TUM-781;Tolatokamera;Tolatoradar;Multifunkcionalis_Kormany;Savtarto;Tempomat
RHE-085;Tolatokamera;Tolatoradar;Multifunkcionalis_Kormany;Savtarto;Tempomat
AACB-320;Tolatokamera;Tolatoradar;Multifunkcionalis_Kormany;Savtarto;Tempomat
AABH-726;Tolatokamera;Tolatoradar;Multifunkcionalis_Kormany;Savtarto;Tempomat
PPH-818;Tolatokamera;Tolatoradar;Multifunkcionalis_Kormany;Savtarto;Tempomat
AABB-577;Tolatokamera;Tolatoradar;Multifunkcionalis_Kormany;Savtarto;Tempomat
PIZ-988;Tolatokamera;Tolatoradar;Multifunkcionalis_Kormany;Savtarto;Tempomat
AACO-357;Tolatokamera;Tolatoradar;Multifunkcionalis_Kormany;Savtarto;Tempomat
AACG-205;Nincs;Tolatoradar;Nincs;Nincs;Tempomat
NYW-427;Tolatokamera;Tolatoradar;Multifunkcionalis_Kormany;Savtarto;Tempomat
AABN-773;Nincs;Tolatoradar;Nincs;Nincs;Tempomat
MCD-580;Tolatokamera;Tolatoradar;Multifunkcionalis_Kormany;Savtarto;Tempomat
AACI-204;Nincs;Tolatoradar;Nincs;Nincs;Tempomat
SYM-704;Tolatokamera;Tolatoradar;Multifunkcionalis_Kormany;Savtarto;Tempomat
MWG-365;Tolatokamera;Tolatoradar;Multifunkcionalis_Kormany;Savtarto;Tempomat
AABL-636;Tolatokamera;Tolatoradar;Multifunkcionalis_Kormany;Savtarto;Tempomat
MQA-105;Nincs;Tolatoradar;Nincs;Nincs;Tempomat
AAAK-295;Tolatokamera;Tolatoradar;Multifunkcionalis_Kormany;Savtarto;Tempomat
NTS-525;Tolatokamera;Tolatoradar;Multifunkcionalis_Kormany;Savtarto;Tempomat
RRQ-172;Tolatokamera;Tolatoradar;Multifunkcionalis_Kormany;Savtarto;Tempomat
PRH-592;Tolatokamera;Tolatoradar;Multifunkcionalis_Kormany;Savtarto;Tempomat
AAAB-760;Tolatokamera;Tolatoradar;Multifunkcionalis_Kormany;Savtarto;Tempomat
STQ-669;Tolatokamera;Tolatoradar;Multifunkcionalis_Kormany;Savtarto;Tempomat
MLL-597;Tolatokamera;Tolatoradar;Multifunkcionalis_Kormany;Savtarto;Tempomat
AACN-027;Tolatokamera;Tolatoradar;Multifunkcionalis_Kormany;Savtarto;Tempomat
AABB-844;Tolatokamera;Tolatoradar;Multifunkcionalis_Kormany;Savtarto;Tempomat
TSO-449;Tolatokamera;Tolatoradar;Multifunkcionalis_Kormany;Savtarto;Tempomat
MLA-758;Nincs;Tolatoradar;Multifunkcionalis_Kormany;Savtarto;Tempomat
SVL-544;Tolatokamera;Tolatoradar;Multifunkcionalis_Kormany;Savtarto;Tempomat
PNW-113;Tolatokamera;Tolatoradar;Multifunkcionalis_Kormany;Savtarto;Tempomat
TEA-968;Tolatokamera;Tolatoradar;Multifunkcionalis_Kormany;Savtarto;Tempomat
NAR-779;Tolatokamera;Tolatoradar;Multifunkcionalis_Kormany;Savtarto;Tempomat
AABG-882;Tolatokamera;Tolatoradar;Multifunkcionalis_Kormany;Savtarto;Tempomat
AABO-645;Tolatokamera;Tolatoradar;Multifunkcionalis_Kormany;Savtarto;Tempomat
AAAJ-829;Tolatokamera;Tolatoradar;Multifunkcionalis_Kormany;Savtarto;Tempomat
AAAA-287;Tolatokamera;Tolatoradar;Multifunkcionalis_Kormany;Savtarto;Tempomat
SFV-525;Tolatokamera;Tolatoradar;Multifunkcionalis_Kormany;Savtarto;Tempomat
SMY-112;Tolatokamera;Tolatoradar;Multifunkcionalis_Kormany;Savtarto;Tempomat
AABG-990;Tolatokamera;Tolatoradar;Multifunkcionalis_Kormany;Savtarto;Tempomat
SXJ-160;Tolatokamera;Tolatoradar;Multifunkcionalis_Kormany;Savtarto;Tempomat
PJI-080;Tolatokamera;Tolatoradar;Multifunkcionalis_Kormany;Savtarto;Tempomat
RBR-759;Nincs;Tolatoradar;Multifunkcionalis_Kormany;Savtarto;Tempomat
AAAO-473;Tolatokamera;Tolatoradar;Multifunkcionalis_Kormany;Savtarto;Tempomat
AAAO-072;Tolatokamera;Tolatoradar;Multifunkcionalis_Kormany;Savtarto;Tempomat
PVB-938;Tolatokamera;Tolatoradar;Multifunkcionalis_Kormany;Savtarto;Tempomat
SPJ-588;Tolatokamera;Tolatoradar;Multifunkcionalis_Kormany;Savtarto;Tempomat
SKJ-635;Tolatokamera;Tolatoradar;Multifunkcionalis_Kormany;Savtarto;Tempomat
AABN-119;Tolatokamera;Tolatoradar;Multifunkcionalis_Kormany;Savtarto;Tempomat
NWW-983;Tolatokamera;Tolatoradar;Multifunkcionalis_Kormany;Savtarto;Tempomat
SSM-113;Tolatokamera;Tolatoradar;Multifunkcionalis_Kormany;Savtarto;Tempomat
PQU-480;Tolatokamera;Tolatoradar;Multifunkcionalis_Kormany;Savtarto;Tempomat
AABJ-092;Tolatokamera;Tolatoradar;Multifunkcionalis_Kormany;Savtarto;Tempomat
AAAO-364;Tolatokamera;Tolatoradar;Multifunkcionalis_Kormany;Savtarto;Tempomat
AACN-789;Tolatokamera;Tolatoradar;Multifunkcionalis_Kormany;Savtarto;Tempomat
AACE-444;Tolatokamera;Tolatoradar;Multifunkcionalis_Kormany;Savtarto;Tempomat
AAAA-940;Tolatokamera;Tolatoradar;Multifunkcionalis_Kormany;Savtarto;Tempomat
AACI-184;Tolatokamera;Tolatoradar;Multifunkcionalis_Kormany;Savtarto;Tempomat
AACD-715;Tolatokamera;Tolatoradar;Multifunkcionalis_Kormany;Savtarto;Tempomat
PXW-843;Tolatokamera;Tolatoradar;Multifunkcionalis_Kormany;Savtarto;Tempomat
RDW-595;Tolatokamera;Tolatoradar;Multifunkcionalis_Kormany;Savtarto;Tempomat
RDK-695;Tolatokamera;Tolatoradar;Multifunkcionalis_Kormany;Savtarto;Tempomat
MZA-988;Tolatokamera;Tolatoradar;Multifunkcionalis_Kormany;Savtarto;Tempomat
AABD-681;Tolatokamera;Tolatoradar;Multifunkcionalis_Kormany;Savtarto;Tempomat
AACD-528;Nincs;Tolatoradar;Nincs;Nincs;Tempomat
AAAB-309;Tolatokamera;Tolatoradar;Multifunkcionalis_Kormany;Savtarto;Tempomat
PKV-715;Tolatokamera;Tolatoradar;Multifunkcionalis_Kormany;Savtarto;Tempomat
AACM-116;Tolatokamera;Tolatoradar;Multifunkcionalis_Kormany;Savtarto;Tempomat
TDW-497;Tolatokamera;Tolatoradar;Multifunkcionalis_Kormany;Savtarto;Tempomat
RNK-834;Tolatokamera;Tolatoradar;Multifunkcionalis_Kormany;Savtarto;Tempomat
AAAI-166;Tolatokamera;Tolatoradar;Multifunkcionalis_Kormany;Savtarto;Tempomat
AABF-990;Tolatokamera;Tolatoradar;Multifunkcionalis_Kormany;Savtarto;Tempomat
AAAF-887;Tolatokamera;Tolatoradar;Multifunkcionalis_Kormany;Savtarto;Tempomat
NLZ-660;Tolatokamera;Tolatoradar;Multifunkcionalis_Kormany;Savtarto;Tempomat
MJM-424;Tolatokamera;Tolatoradar;Multifunkcionalis_Kormany;Savtarto;Tempomat
MGL-460;Tolatokamera;Tolatoradar;Multifunkcionalis_Kormany;Savtarto;Tempomat
AACJ-113;Tolatokamera;Tolatoradar;Multifunkcionalis_Kormany;Savtarto;Tempomat
AACF-290;Tolatokamera;Tolatoradar;Multifunkcionalis_Kormany;Savtarto;Tempomat
MOM-325;Tolatokamera;Tolatoradar;Multifunkcionalis_Kormany;Savtarto;Tempomat
AAAF-576;Tolatokamera;Tolatoradar;Multifunkcionalis_Kormany;Savtarto;Tempomat
NZK-726;Tolatokamera;Tolatoradar;Multifunkcionalis_Kormany;Savtarto;Tempomat
AACD-989;Tolatokamera;Tolatoradar;Multifunkcionalis_Kormany;Savtarto;Tempomat
AAAN-117;Tolatokamera;Tolatoradar;Multifunkcionalis_Kormany;Savtarto;Tempomat
MTY-779;Tolatokamera;Tolatoradar;Multifunkcionalis_Kormany;Savtarto;Tempomat
AAAD-252;Tolatokamera;Tolatoradar;Multifunkcionalis_Kormany;Savtarto;Tempomat
RBW-931;Tolatokamera;Tolatoradar;Multifunkcionalis_Kormany;Savtarto;Tempomat
PHP-149;Tolatokamera;Tolatoradar;Multifunkcionalis_Kormany;Savtarto;Tempomat
AACF-924;Tolatokamera;Tolatoradar;Multifunkcionalis_Kormany;Savtarto;Tempomat
RTG-089;Tolatokamera;Tolatoradar;Multifunkcionalis_Kormany;Savtarto;Tempomat
AAAD-020;Tolatokamera;Tolatoradar;Multifunkcionalis_Kormany;Savtarto;Tempomat
RXI-402;Tolatokamera;Tolatoradar;Multifunkcionalis_Kormany;Savtarto;Tempomat
AABD-566;Tolatokamera;Tolatoradar;Multifunkcionalis_Kormany;Savtarto;Tempomat
AAAM-214;Tolatokamera;Tolatoradar;Multifunkcionalis_Kormany;Savtarto;Tempomat
PVL-854;Tolatokamera;Tolatoradar;Multifunkcionalis_Kormany;Savtarto;Tempomat
AAAG-459;Tolatokamera;Tolatoradar;Multifunkcionalis_Kormany;Savtarto;Tempomat
ROG-447;Tolatokamera;Tolatoradar;Multifunkcionalis_Kormany;Savtarto;Tempomat
RVE-189;Tolatokamera;Tolatoradar;Multifunkcionalis_Kormany;Savtarto;Tempomat
AACG-697;Tolatokamera;Tolatoradar;Multifunkcionalis_Kormany;Savtarto;Tempomat
MRD-232;Tolatokamera;Tolatoradar;Multifunkcionalis_Kormany;Savtarto;Tempomat
AAAL-444;Tolatokamera;Tolatoradar;Multifunkcionalis_Kormany;Savtarto;Tempomat
AACI-640;Tolatokamera;Tolatoradar;Multifunkcionalis_Kormany;Savtarto;Tempomat
AABG-482;Tolatokamera;Tolatoradar;Multifunkcionalis_Kormany;Savtarto;Tempomat
AACG-043;Tolatokamera;Tolatoradar;Multifunkcionalis_Kormany;Savtarto;Tempomat
AACE-301;Tolatokamera;Tolatoradar;Multifunkcionalis_Kormany;Savtarto;Tempomat
AACN-029;Tolatokamera;Tolatoradar;Multifunkcionalis_Kormany;Savtarto;Tempomat
NMA-369;Tolatokamera;Tolatoradar;Multifunkcionalis_Kormany;Savtarto;Tempomat
AAAF-660;Nincs;Tolatoradar;Nincs;Nincs;Tempomat
NMT-935;Tolatokamera;Tolatoradar;Multifunkcionalis_Kormany;Savtarto;Tempomat
AACJ-832;Nincs;Tolatoradar;Nincs;Nincs;Tempomat
AACL-081;Tolatokamera;Tolatoradar;Multifunkcionalis_Kormany;Savtarto;Tempomat
RTP-215;Nincs;Tolatoradar;Multifunkcionalis_Kormany;Savtarto;Tempomat
AABG-310;Tolatokamera;Tolatoradar;Multifunkcionalis_Kormany;Savtarto;Tempomat
AABL-103;Tolatokamera;Tolatoradar;Multifunkcionalis_Kormany;Savtarto;Tempomat
AABJ-629;Tolatokamera;Tolatoradar;Multifunkcionalis_Kormany;Savtarto;Tempomat
NLU-774;Tolatokamera;Tolatoradar;Multifunkcionalis_Kormany;Savtarto;Tempomat
MMI-590;Tolatokamera;Tolatoradar;Multifunkcionalis_Kormany;Savtarto;Tempomat
MVQ-809;Tolatokamera;Tolatoradar;Multifunkcionalis_Kormany;Savtarto;Tempomat
AAAG-799;Nincs;Tolatoradar;Multifunkcionalis_Kormany;Savtarto;Tempomat
MLA-137;Tolatokamera;Tolatoradar;Multifunkcionalis_Kormany;Savtarto;Tempomat
AACF-499;Nincs;Tolatoradar;Nincs;Nincs;Tempomat
TSS-849;Tolatokamera;Tolatoradar;Multifunkcionalis_Kormany;Savtarto;Tempomat
AACB-953;Tolatokamera;Tolatoradar;Multifunkcionalis_Kormany;Savtarto;Tempomat
RYL-778;Tolatokamera;Tolatoradar;Multifunkcionalis_Kormany;Savtarto;Tempomat
AACK-238;Nincs;Tolatoradar;Nincs;Nincs;Tempomat
TNT-840;Tolatokamera;Tolatoradar;Multifunkcionalis_Kormany;Savtarto;Tempomat
NWS-740;Tolatokamera;Tolatoradar;Multifunkcionalis_Kormany;Savtarto;Tempomat
AABA-043;Tolatokamera;Tolatoradar;Multifunkcionalis_Kormany;Savtarto;Tempomat
SVK-987;Tolatokamera;Tolatoradar;Multifunkcionalis_Kormany;Savtarto;Tempomat
AACB-990;Nincs;Tolatoradar;Nincs;Nincs;Tempomat
AACH-183;Tolatokamera;Tolatoradar;Multifunkcionalis_Kormany;Savtarto;Tempomat
MKK-553;Tolatokamera;Tolatoradar;Multifunkcionalis_Kormany;Savtarto;Tempomat
SLS-713;Tolatokamera;Tolatoradar;Multifunkcionalis_Kormany;Savtarto;Tempomat
AACA-887;Tolatokamera;Tolatoradar;Multifunkcionalis_Kormany;Savtarto;Tempomat
MHK-002;Tolatokamera;Tolatoradar;Multifunkcionalis_Kormany;Savtarto;Tempomat
MVW-163;Nincs;Tolatoradar;Multifunkcionalis_Kormany;Savtarto;Tempomat
NYM-124;Tolatokamera;Tolatoradar;Multifunkcionalis_Kormany;Savtarto;Tempomat
TVR-256;Tolatokamera;Tolatoradar;Multifunkcionalis_Kormany;Savtarto;Tempomat
NHZ-675;Tolatokamera;Tolatoradar;Multifunkcionalis_Kormany;Savtarto;Tempomat
RZT-036;Tolatokamera;Tolatoradar;Multifunkcionalis_Kormany;Savtarto;Tempomat
AAAK-614;Tolatokamera;Tolatoradar;Multifunkcionalis_Kormany;Savtarto;Tempomat
TSU-726;Tolatokamera;Tolatoradar;Multifunkcionalis_Kormany;Savtarto;Tempomat
AABC-659;Tolatokamera;Tolatoradar;Multifunkcionalis_Kormany;Savtarto;Tempomat
NQW-130;Tolatokamera;Tolatoradar;Multifunkcionalis_Kormany;Savtarto;Tempomat
PRB-060;Nincs;Tolatoradar;Nincs;Nincs;Tempomat
AACK-589;Tolatokamera;Tolatoradar;Multifunkcionalis_Kormany;Savtarto;Tempomat
AABO-297;Tolatokamera;Tolatoradar;Multifunkcionalis_Kormany;Savtarto;Tempomat
AABO-478;Nincs;Tolatoradar;Multifunkcionalis_Kormany;Savtarto;Tempomat
RBQ-055;Tolatokamera;Tolatoradar;Multifunkcionalis_Kormany;Savtarto;Tempomat
NTK-689;Tolatokamera;Tolatoradar;Multifunkcionalis_Kormany;Savtarto;Tempomat
AAAE-951;Tolatokamera;Tolatoradar;Multifunkcionalis_Kormany;Savtarto;Tempomat
MDA-357;Nincs;Tolatoradar;Nincs;Nincs;Tempomat
AACO-350;Tolatokamera;Tolatoradar;Multifunkcionalis_Kormany;Savtarto;Tempomat
RPQ-656;Tolatokamera;Tolatoradar;Multifunkcionalis_Kormany;Savtarto;Tempomat
TFX-340;Tolatokamera;Tolatoradar;Multifunkcionalis_Kormany;Savtarto;Tempomat
AABO-156;Nincs;Tolatoradar;Nincs;Nincs;Tempomat
AAAE-549;Nincs;Tolatoradar;Nincs;Nincs;Tempomat
AAAC-412;Tolatokamera;Tolatoradar;Multifunkcionalis_Kormany;Savtarto;Tempomat
RMN-463;Tolatokamera;Tolatoradar;Multifunkcionalis_Kormany;Savtarto;Tempomat
SAL-631;Tolatokamera;Tolatoradar;Multifunkcionalis_Kormany;Savtarto;Tempomat
RMF-618;Tolatokamera;Tolatoradar;Multifunkcionalis_Kormany;Savtarto;Tempomat
PJU-329;Tolatokamera;Tolatoradar;Multifunkcionalis_Kormany;Savtarto;Tempomat
NXO-727;Tolatokamera;Tolatoradar;Multifunkcionalis_Kormany;Savtarto;Tempomat
AABF-249;Tolatokamera;Tolatoradar;Multifunkcionalis_Kormany;Savtarto;Tempomat
PPQ-098;Tolatokamera;Tolatoradar;Multifunkcionalis_Kormany;Savtarto;Tempomat
AABD-636;Tolatokamera;Tolatoradar;Multifunkcionalis_Kormany;Savtarto;Tempomat
AACK-654;Tolatokamera;Tolatoradar;Multifunkcionalis_Kormany;Savtarto;Tempomat
AAAC-987;Tolatokamera;Tolatoradar;Multifunkcionalis_Kormany;Savtarto;Tempomat
ROJ-803;Tolatokamera;Tolatoradar;Multifunkcionalis_Kormany;Savtarto;Tempomat
NHL-166;Tolatokamera;Tolatoradar;Multifunkcionalis_Kormany;Savtarto;Tempomat
TRP-961;Nincs;Tolatoradar;Nincs;Nincs;Tempomat
AABE-639;Tolatokamera;Tolatoradar;Multifunkcionalis_Kormany;Savtarto;Tempomat
AABN-431;Tolatokamera;Tolatoradar;Multifunkcionalis_Kormany;Savtarto;Tempomat
SBQ-462;Tolatokamera;Tolatoradar;Multifunkcionalis_Kormany;Savtarto;Tempomat
AABD-936;Tolatokamera;Tolatoradar;Multifunkcionalis_Kormany;Savtarto;Tempomat
AACI-941;Tolatokamera;Tolatoradar;Multifunkcionalis_Kormany;Savtarto;Tempomat
AAAO-685;Tolatokamera;Tolatoradar;Multifunkcionalis_Kormany;Savtarto;Tempomat
PIT-184;Tolatokamera;Tolatoradar;Multifunkcionalis_Kormany;Savtarto;Tempomat
AACM-940;Nincs;Tolatoradar;Multifunkcionalis_Kormany;Savtarto;Tempomat
MUP-759;Tolatokamera;Tolatoradar;Multifunkcionalis_Kormany;Savtarto;Tempomat
AAAK-989;Tolatokamera;Tolatoradar;Multifunkcionalis_Kormany;Savtarto;Tempomat
SOK-811;Tolatokamera;Tolatoradar;Multifunkcionalis_Kormany;Savtarto;Tempomat
AACI-871;Nincs;Tolatoradar;Multifunkcionalis_Kormany;Savtarto;Tempomat
AABB-701;Nincs;Tolatoradar;Multifunkcionalis_Kormany;Savtarto;Tempomat
AACH-832;Tolatokamera;Tolatoradar;Multifunkcionalis_Kormany;Savtarto;Tempomat
AACM-755;Tolatokamera;Tolatoradar;Multifunkcionalis_Kormany;Savtarto;Tempomat
POI-942;Tolatokamera;Tolatoradar;Multifunkcionalis_Kormany;Savtarto;Tempomat
SQC-768;Tolatokamera;Tolatoradar;Multifunkcionalis_Kormany;Savtarto;Tempomat
AAAA-053;Tolatokamera;Tolatoradar;Multifunkcionalis_Kormany;Savtarto;Tempomat
TBS-343;Tolatokamera;Tolatoradar;Multifunkcionalis_Kormany;Savtarto;Tempomat
TSM-624;Nincs;Tolatoradar;Nincs;Nincs;Tempomat
PYY-849;Tolatokamera;Tolatoradar;Multifunkcionalis_Kormany;Savtarto;Tempomat
NMT-421;Tolatokamera;Tolatoradar;Multifunkcionalis_Kormany;Savtarto;Tempomat
AABO-735;Tolatokamera;Tolatoradar;Multifunkcionalis_Kormany;Savtarto;Tempomat
PJI-886;Tolatokamera;Tolatoradar;Multifunkcionalis_Kormany;Savtarto;Tempomat
PCB-767;Tolatokamera;Tolatoradar;Multifunkcionalis_Kormany;Savtarto;Tempomat
SQA-599;Tolatokamera;Tolatoradar;Multifunkcionalis_Kormany;Savtarto;Tempomat
AABG-248;Tolatokamera;Tolatoradar;Multifunkcionalis_Kormany;Savtarto;Tempomat
AABE-685;Nincs;Tolatoradar;Multifunkcionalis_Kormany;Savtarto;Tempomat
MAI-196;Tolatokamera;Tolatoradar;Multifunkcionalis_Kormany;Savtarto;Tempomat
AACK-910;Tolatokamera;Tolatoradar;Multifunkcionalis_Kormany;Savtarto;Tempomat
AACO-669;Tolatokamera;Tolatoradar;Multifunkcionalis_Kormany;Savtarto;Tempomat
AABE-139;Tolatokamera;Tolatoradar;Multifunkcionalis_Kormany;Savtarto;Tempomat
NJG-532;Tolatokamera;Tolatoradar;Multifunkcionalis_Kormany;Savtarto;Tempomat
NIG-873;Tolatokamera;Tolatoradar;Multifunkcionalis_Kormany;Savtarto;Tempomat
SQJ-103;Nincs;Tolatoradar;Multifunkcionalis_Kormany;Savtarto;Tempomat
AACA-049;Tolatokamera;Tolatoradar;Multifunkcionalis_Kormany;Savtarto;Tempomat
AAAG-349;Tolatokamera;Tolatoradar;Multifunkcionalis_Kormany;Savtarto;Tempomat
AAAK-515;Tolatokamera;Tolatoradar;Multifunkcionalis_Kormany;Savtarto;Tempomat
AACB-570;Tolatokamera;Tolatoradar;Multifunkcionalis_Kormany;Savtarto;Tempomat
AACA-754;Tolatokamera;Tolatoradar;Multifunkcionalis_Kormany;Savtarto;Tempomat
AABF-007;Tolatokamera;Tolatoradar;Multifunkcionalis_Kormany;Savtarto;Tempomat
RML-721;Tolatokamera;Tolatoradar;Multifunkcionalis_Kormany;Savtarto;Tempomat
AABM-082;Tolatokamera;Tolatoradar;Multifunkcionalis_Kormany;Savtarto;Tempomat
PTR-217;Tolatokamera;Tolatoradar;Multifunkcionalis_Kormany;Savtarto;Tempomat
AABF-792;Tolatokamera;Tolatoradar;Multifunkcionalis_Kormany;Savtarto;Tempomat
AAAL-984;Tolatokamera;Tolatoradar;Multifunkcionalis_Kormany;Savtarto;Tempomat
PUP-548;Tolatokamera;Tolatoradar;Multifunkcionalis_Kormany;Savtarto;Tempomat
AACG-741;Tolatokamera;Tolatoradar;Multifunkcionalis_Kormany;Savtarto;Tempomat
AABM-695;Tolatokamera;Tolatoradar;Multifunkcionalis_Kormany;Savtarto;Tempomat
PCA-878;Nincs;Tolatoradar;Multifunkcionalis_Kormany;Savtarto;Tempomat
TLX-466;Tolatokamera;Tolatoradar;Multifunkcionalis_Kormany;Savtarto;Tempomat
SVH-686;Tolatokamera;Tolatoradar;Multifunkcionalis_Kormany;Savtarto;Tempomat
AABD-654;Tolatokamera;Tolatoradar;Multifunkcionalis_Kormany;Savtarto;Tempomat
AACN-225;Nincs;Tolatoradar;Multifunkcionalis_Kormany;Savtarto;Tempomat
PSQ-672;Tolatokamera;Tolatoradar;Multifunkcionalis_Kormany;Savtarto;Tempomat
SSP-520;Tolatokamera;Tolatoradar;Multifunkcionalis_Kormany;Savtarto;Tempomat
AABD-740;Tolatokamera;Tolatoradar;Multifunkcionalis_Kormany;Savtarto;Tempomat
SNE-464;Tolatokamera;Tolatoradar;Multifunkcionalis_Kormany;Savtarto;Tempomat
AABI-587;Tolatokamera;Tolatoradar;Multifunkcionalis_Kormany;Savtarto;Tempomat
AABC-370;Tolatokamera;Tolatoradar;Multifunkcionalis_Kormany;Savtarto;Tempomat
AABI-528;Tolatokamera;Tolatoradar;Multifunkcionalis_Kormany;Savtarto;Tempomat
SOZ-652;Nincs;Tolatoradar;Nincs;Nincs;Tempomat
AABI-644;Tolatokamera;Tolatoradar;Multifunkcionalis_Kormany;Savtarto;Tempomat
AAAB-315;Tolatokamera;Tolatoradar;Multifunkcionalis_Kormany;Savtarto;Tempomat
AACA-723;Nincs;Tolatoradar;Nincs;Nincs;Tempomat
TZV-555;Tolatokamera;Tolatoradar;Multifunkcionalis_Kormany;Savtarto;Tempomat
PDU-295;Tolatokamera;Tolatoradar;Multifunkcionalis_Kormany;Savtarto;Tempomat
AAAE-882;Nincs;Tolatoradar;Nincs;Nincs;Tempomat
MXI-410;Tolatokamera;Tolatoradar;Multifunkcionalis_Kormany;Savtarto;Tempomat
AABM-848;Tolatokamera;Tolatoradar;Multifunkcionalis_Kormany;Savtarto;Tempomat
AAAE-590;Tolatokamera;Tolatoradar;Multifunkcionalis_Kormany;Savtarto;Tempomat
NMC-953;Tolatokamera;Tolatoradar;Multifunkcionalis_Kormany;Savtarto;Tempomat
AABI-962;Tolatokamera;Tolatoradar;Multifunkcionalis_Kormany;Savtarto;Tempomat
MYJ-047;Tolatokamera;Tolatoradar;Multifunkcionalis_Kormany;Savtarto;Tempomat
AACL-135;Nincs;Tolatoradar;Multifunkcionalis_Kormany;Savtarto;Tempomat
AACK-106;Tolatokamera;Tolatoradar;Multifunkcionalis_Kormany;Savtarto;Tempomat
AABO-035;Tolatokamera;Tolatoradar;Multifunkcionalis_Kormany;Savtarto;Tempomat
REM-192;Tolatokamera;Tolatoradar;Multifunkcionalis_Kormany;Savtarto;Tempomat
MDP-865;Tolatokamera;Tolatoradar;Multifunkcionalis_Kormany;Savtarto;Tempomat
AAAI-457;Tolatokamera;Tolatoradar;Multifunkcionalis_Kormany;Savtarto;Tempomat
AABI-974;Tolatokamera;Tolatoradar;Multifunkcionalis_Kormany;Savtarto;Tempomat
TLL-220;Nincs;Tolatoradar;Multifunkcionalis_Kormany;Savtarto;Tempomat
MOA-276;Tolatokamera;Tolatoradar;Multifunkcionalis_Kormany;Savtarto;Tempomat
TIF-664;Tolatokamera;Tolatoradar;Multifunkcionalis_Kormany;Savtarto;Tempomat
PSO-865;Tolatokamera;Tolatoradar;Multifunkcionalis_Kormany;Savtarto;Tempomat
AACL-259;Tolatokamera;Tolatoradar;Multifunkcionalis_Kormany;Savtarto;Tempomat
AABE-176;Tolatokamera;Tolatoradar;Multifunkcionalis_Kormany;Savtarto;Tempomat
SSI-616;Tolatokamera;Tolatoradar;Multifunkcionalis_Kormany;Savtarto;Tempomat
AACF-226;Tolatokamera;Tolatoradar;Multifunkcionalis_Kormany;Savtarto;Tempomat
AACK-079;Tolatokamera;Tolatoradar;Multifunkcionalis_Kormany;Savtarto;Tempomat
RRL-246;Tolatokamera;Tolatoradar;Multifunkcionalis_Kormany;Savtarto;Tempomat
NGR-165;Nincs;Tolatoradar;Multifunkcionalis_Kormany;Savtarto;Tempomat
TRZ-812;Tolatokamera;Tolatoradar;Multifunkcionalis_Kormany;Savtarto;Tempomat
MWT-528;Nincs;Tolatoradar;Nincs;Nincs;Tempomat
AABB-206;Tolatokamera;Tolatoradar;Multifunkcionalis_Kormany;Savtarto;Tempomat
PRE-220;Tolatokamera;Tolatoradar;Multifunkcionalis_Kormany;Savtarto;Tempomat
AAAE-780;Tolatokamera;Tolatoradar;Multifunkcionalis_Kormany;Savtarto;Tempomat
AACJ-300;Tolatokamera;Tolatoradar;Multifunkcionalis_Kormany;Savtarto;Tempomat
AAAC-515;Tolatokamera;Tolatoradar;Multifunkcionalis_Kormany;Savtarto;Tempomat
AACA-976;Tolatokamera;Tolatoradar;Multifunkcionalis_Kormany;Savtarto;Tempomat
NIT-206;Tolatokamera;Tolatoradar;Multifunkcionalis_Kormany;Savtarto;Tempomat
AACL-620;Tolatokamera;Tolatoradar;Multifunkcionalis_Kormany;Savtarto;Tempomat
AABH-662;Tolatokamera;Tolatoradar;Multifunkcionalis_Kormany;Savtarto;Tempomat
RLK-092;Tolatokamera;Tolatoradar;Multifunkcionalis_Kormany;Savtarto;Tempomat
AABD-792;Nincs;Tolatoradar;Nincs;Nincs;Tempomat
RLR-968;Tolatokamera;Tolatoradar;Multifunkcionalis_Kormany;Savtarto;Tempomat
SGG-432;Tolatokamera;Tolatoradar;Multifunkcionalis_Kormany;Savtarto;Tempomat
AAAH-738;Tolatokamera;Tolatoradar;Multifunkcionalis_Kormany;Savtarto;Tempomat
RMQ-619;Tolatokamera;Tolatoradar;Multifunkcionalis_Kormany;Savtarto;Tempomat
AABL-419;Tolatokamera;Tolatoradar;Multifunkcionalis_Kormany;Savtarto;Tempomat
AABF-407;Nincs;Tolatoradar;Nincs;Nincs;Tempomat
AAAI-531;Tolatokamera;Tolatoradar;Multifunkcionalis_Kormany;Savtarto;Tempomat
AAAF-583;Tolatokamera;Tolatoradar;Multifunkcionalis_Kormany;Savtarto;Tempomat
MER-014;Tolatokamera;Tolatoradar;Multifunkcionalis_Kormany;Savtarto;Tempomat
AAAF-791;Tolatokamera;Tolatoradar;Multifunkcionalis_Kormany;Savtarto;Tempomat
NQK-553;Tolatokamera;Tolatoradar;Multifunkcionalis_Kormany;Savtarto;Tempomat
NAX-972;Tolatokamera;Tolatoradar;Multifunkcionalis_Kormany;Savtarto;Tempomat
RFN-716;Nincs;Tolatoradar;Multifunkcionalis_Kormany;Savtarto;Tempomat
AAAF-653;Nincs;Tolatoradar;Multifunkcionalis_Kormany;Savtarto;Tempomat
RNB-619;Nincs;Tolatoradar;Nincs;Nincs;Tempomat
TJM-130;Tolatokamera;Tolatoradar;Multifunkcionalis_Kormany;Savtarto;Tempomat
RLE-619;Tolatokamera;Tolatoradar;Multifunkcionalis_Kormany;Savtarto;Tempomat
SWY-031;Tolatokamera;Tolatoradar;Multifunkcionalis_Kormany;Savtarto;Tempomat
AABK-460;Tolatokamera;Tolatoradar;Multifunkcionalis_Kormany;Savtarto;Tempomat
SOR-086;Tolatokamera;Tolatoradar;Multifunkcionalis_Kormany;Savtarto;Tempomat
ROX-759;Tolatokamera;Tolatoradar;Multifunkcionalis_Kormany;Savtarto;Tempomat
AACK-136;Tolatokamera;Tolatoradar;Multifunkcionalis_Kormany;Savtarto;Tempomat
NAN-959;Tolatokamera;Tolatoradar;Multifunkcionalis_Kormany;Savtarto;Tempomat
AACF-859;Tolatokamera;Tolatoradar;Multifunkcionalis_Kormany;Savtarto;Tempomat
AAAG-029;Tolatokamera;Tolatoradar;Multifunkcionalis_Kormany;Savtarto;Tempomat
AACF-967;Tolatokamera;Tolatoradar;Multifunkcionalis_Kormany;Savtarto;Tempomat
SHQ-015;Tolatokamera;Tolatoradar;Multifunkcionalis_Kormany;Savtarto;Tempomat
PEI-375;Tolatokamera;Tolatoradar;Multifunkcionalis_Kormany;Savtarto;Tempomat
PWD-670;Tolatokamera;Tolatoradar;Multifunkcionalis_Kormany;Savtarto;Tempomat
AAAI-616;Tolatokamera;Tolatoradar;Multifunkcionalis_Kormany;Savtarto;Tempomat
AACA-896;Tolatokamera;Tolatoradar;Multifunkcionalis_Kormany;Savtarto;Tempomat
SHS-149;Tolatokamera;Tolatoradar;Multifunkcionalis_Kormany;Savtarto;Tempomat
AACE-036;Tolatokamera;Tolatoradar;Multifunkcionalis_Kormany;Savtarto;Tempomat
AACJ-015;Tolatokamera;Tolatoradar;Multifunkcionalis_Kormany;Savtarto;Tempomat
AACL-940;Nincs;Tolatoradar;Nincs;Nincs;Tempomat
NBY-327;Tolatokamera;Tolatoradar;Multifunkcionalis_Kormany;Savtarto;Tempomat
MLG-052;Tolatokamera;Tolatoradar;Multifunkcionalis_Kormany;Savtarto;Tempomat
TAW-061;Tolatokamera;Tolatoradar;Multifunkcionalis_Kormany;Savtarto;Tempomat
AACM-899;Tolatokamera;Tolatoradar;Multifunkcionalis_Kormany;Savtarto;Tempomat
RNW-479;Tolatokamera;Tolatoradar;Multifunkcionalis_Kormany;Savtarto;Tempomat
AABI-842;Tolatokamera;Tolatoradar;Multifunkcionalis_Kormany;Savtarto;Tempomat
SER-973;Tolatokamera;Tolatoradar;Multifunkcionalis_Kormany;Savtarto;Tempomat
PKV-110;Nincs;Tolatoradar;Multifunkcionalis_Kormany;Savtarto;Tempomat
MJR-249;Tolatokamera;Tolatoradar;Multifunkcionalis_Kormany;Savtarto;Tempomat
NFP-361;Tolatokamera;Tolatoradar;Multifunkcionalis_Kormany;Savtarto;Tempomat
AABI-721;Tolatokamera;Tolatoradar;Multifunkcionalis_Kormany;Savtarto;Tempomat
SKN-949;Tolatokamera;Tolatoradar;Multifunkcionalis_Kormany;Savtarto;Tempomat
AABF-816;Tolatokamera;Tolatoradar;Multifunkcionalis_Kormany;Savtarto;Tempomat
PHF-341;Tolatokamera;Tolatoradar;Multifunkcionalis_Kormany;Savtarto;Tempomat
AAAO-263;Tolatokamera;Tolatoradar;Multifunkcionalis_Kormany;Savtarto;Tempomat
AACJ-188;Tolatokamera;Tolatoradar;Multifunkcionalis_Kormany;Savtarto;Tempomat
