ID;Felh_nev;Jelszo;Elofizetesi_Kat
1;HorvOeth3028;74;Power
2;BirOu8723;82;Power-Plus
3;sit332;13;Power-VIP
4;qui485;59;Power-VIP
5;ex246;57;Power-Plus
6;Kis9830;80;Power-Plus
7;Nemes4186;26;Power-VIP
8;Lakatos1513;88;Power-VIP
9;dolore590;22;Power-VIP
10;corporis251;64;Power-VIP
11;dolorem578;00;Power-Plus
12;alias782;18;Power-Plus
13;DeOek4853;33;Power-VIP
14;ea932;46;Power
15;cupiditate103;41;Power-Premium
16;Balogh1538;34;Power-VIP
17;DeOek2258;66;Power-Premium
18;BirOu6146;00;Power-VIP
19;SzOokely6563;90;Power-Plus
20;LukOecs4006;90;Power-Premium
21;eius103;62;Power-Plus
22;Balog8132;87;Power-VIP
23;ut211;69;Power-VIP
24;et209;77;Power-Plus
25;aut922;79;Power-VIP
26;BogdOen7156;89;Power-VIP
27;atque195;57;Power-VIP
28;OrsOus5783;23;Power-Premium
29;OrbOen7591;94;Power-VIP
30;Dobos6757;19;Power
31;est581;72;Power-Premium
32;unde698;98;Power-Premium
33;GOel1557;38;Power-Plus
34;incidunt622;64;Power-Plus
35;unde228;41;Power
36;Katona7313;84;Power-Premium
37;Fekete5274;94;Power-Plus
38;MolnOer6591;89;Power-VIP
39;Farkas4701;44;Power-Plus
40;suscipit479;84;Power
41;Vass7647;92;Power-VIP
42;Orosz2443;40;Power-Plus
43;dolorem772;62;Power-VIP
44;laboriosam453;48;Power-Premium
45;Budai1435;39;Power
46;GOespOer2633;18;Power-Plus
47;Fekete5499;94;Power
48;atque959;47;Power-Premium
49;vel337;19;Power-Premium
50;voluptates177;33;Power
51;Bakos8348;61;Power-VIP
52;Magyar5927;06;Power-VIP
53;SzOokely5803;50;Power-VIP
54;sint801;26;Power-Plus
55;quis303;77;Power-VIP
56;MolnOer4457;61;Power-Premium
57;FehOor3356;88;Power
58;JuhOesz2525;27;Power-Premium
59;quod875;37;Power-Plus
60;Kocsis1861;32;Power-Plus
61;BogdOen6967;11;Power-Premium
62;Major2005;42;Power-VIP
63;HegedUUs3680;28;Power-Premium
64;HegedUUs3609;08;Power-Plus
65;architecto470;27;Power-Premium
66;voluptatem533;67;Power
67;POoter3024;52;Power
68;VOogh7873;05;Power-VIP
69;iusto262;72;Power-Premium
70;quo188;26;Power-Premium
71;Hajdu9210;83;Power-VIP
72;BognOer5348;76;Power
73;eaque380;19;Power-Premium
74;quo156;00;Power-Premium
75;voluptatem519;25;Power
76;nisi753;37;Power-Plus
77;HegedOUs6788;68;Power-Plus
78;LOeszlOu2420;03;Power-VIP
79;architecto358;96;Power
80;vel346;28;Power-VIP
81;BOelint8802;37;Power
82;vitae888;72;Power-VIP
83;Fazekas9438;99;Power-VIP
84;sit918;72;Power-Premium
85;POesztor1529;98;Power-Premium
86;officia379;03;Power
87;OrsOus5508;59;Power-VIP
88;VirOeg6076;22;Power
89;sed888;92;Power
90;SzOUcs2766;18;Power-VIP
91;BogdOen2425;59;Power-Plus
92;molestias283;19;Power-Plus
93;eos888;08;Power-VIP
94;molestiae118;03;Power-Plus
95;Balla9609;61;Power
96;harum804;76;Power-VIP
97;Kozma6647;78;Power
98;KovOecs3341;52;Power
99;odit514;38;Power
100;Nemes8042;75;Power
101;magnam960;15;Power-VIP
102;HegedOUs1987;64;Power-Plus
103;et148;77;Power-Plus
104;MOoszOeros6065;75;Power-Plus
105;Szekeres2181;62;Power
106;Farkas2319;22;Power-Premium
107;BodnOer3927;71;Power-Plus
108;Lengyel3310;47;Power-Plus
109;alias627;46;Power-Plus
110;molestiae214;85;Power
111;Farkas7342;47;Power-Premium
112;rerum870;86;Power-VIP
113;ut540;70;Power-Premium
114;VOogh3645;93;Power
115;Somogyi6352;31;Power-Premium
116;Fekete4866;70;Power-Premium
117;nemo291;06;Power
118;Lengyel4642;82;Power-VIP
119;Hajdu7135;67;Power-Premium
120;POesztor8328;55;Power
121;Kerekes6286;63;Power
122;Boros9044;13;Power
123;repudiandae599;76;Power
124;sunt943;83;Power-Plus
125;Bakos3990;12;Power-VIP
126;perferendis562;51;Power-VIP
127;Kis3821;07;Power-Plus
128;id310;30;Power
129;pariatur736;40;Power-Premium
130;SzUUcs3413;96;Power-Plus
131;eum493;73;Power
132;SzilOegyi7963;27;Power-Premium
133;TOArOAk9728;92;Power-VIP
134;Kerekes1888;64;Power-VIP
135;GOespOer1521;20;Power-Plus
136;est447;02;Power-Plus
137;rerum210;97;Power-VIP
138;dolores115;27;Power-Premium
139;ab229;45;Power-Premium
140;laudantium589;97;Power
141;et820;05;Power-Premium
142;BognOer3377;26;Power
143;reiciendis475;19;Power-Premium
144;ex297;58;Power
145;Szekeres9397;41;Power-Plus
146;veniam787;48;Power-Plus
147;reiciendis654;79;Power-VIP
148;Nagy4638;22;Power-Plus
149;consequatur926;47;Power
150;unde729;82;Power-Premium
151;unde320;99;Power
152;OlOeh9855;46;Power-Premium
153;Balog7142;91;Power-VIP
154;SzUIke2371;64;Power-Premium
155;occaecati207;45;Power-Plus
156;minima862;19;Power-Premium
157;BognOer6511;90;Power-Premium
158;culpa787;45;Power-Premium
159;numquam173;19;Power-Plus
160;Csonka5660;92;Power
161;POesztor1207;21;Power-VIP
162;TOArOAk9530;84;Power-Premium
163;laborum699;36;Power-Plus
164;Papp2978;50;Power-Plus
165;Major2724;09;Power-Premium
166;ipsum559;28;Power
167;aut382;43;Power
168;DeOek7094;89;Power-Premium
169;Balogh3369;93;Power-Premium
170;qui376;18;Power-Premium
171;FaragOu8524;63;Power-Premium
172;Veres5105;17;Power-Plus
173;exercitationem110;35;Power-Premium
174;non955;47;Power-Plus
175;Csonka8246;68;Power-Premium
176;FOUlOAp3021;79;Power-VIP
177;Kocsis7059;81;Power
178;esse449;56;Power
179;ab199;19;Power-Plus
180;SzUUcs3283;74;Power-Plus
181;SzOUcs8055;94;Power-VIP
182;BodnOer1279;66;Power-Premium
183;Balla2455;83;Power-Plus
184;atque963;42;Power-VIP
185;repellendus977;38;Power-Plus
186;voluptatem440;66;Power-Premium
187;quos852;46;Power-VIP
188;VOogh9494;08;Power-VIP
189;TamOes6399;07;Power-Premium
190;placeat714;71;Power-VIP
191;ROecz4161;96;Power-VIP
192;iste675;47;Power-Plus
193;maiores252;33;Power-Plus
194;VOogh8356;64;Power
195;Lakatos8913;26;Power-VIP
196;cumque830;34;Power
197;Balogh9645;88;Power-Premium
198;Nagy9499;02;Power
199;Nagy3260;86;Power-Plus
200;commodi788;86;Power-Plus
201;consequuntur443;19;Power-Premium
202;Balla3111;19;Power-VIP
203;DeOek2794;14;Power-VIP
204;optio997;89;Power-Plus
205;in916;69;Power-Premium
206;Balogh9896;04;Power-VIP
207;qui205;31;Power-Plus
208;Kis4665;80;Power-Plus
209;BodnOer7333;31;Power-Plus
210;POesztor5203;05;Power-Premium
211;BirOu3111;07;Power
212;qui106;20;Power-Plus
213;laudantium748;59;Power-VIP
214;IllOos5993;91;Power-Plus
215;Major1454;67;Power
216;excepturi955;76;Power-VIP
217;POesztor8929;19;Power
218;Kis8307;05;Power-VIP
219;SoOus4203;06;Power-Plus
220;debitis288;28;Power
221;Kelemen8318;99;Power-Plus
222;est127;28;Power-Plus
223;rerum243;54;Power-Plus
224;Hajdu6184;42;Power
225;aliquid569;12;Power-Premium
226;cupiditate781;92;Power
227;Vass2507;68;Power-VIP
228;NovOek8462;43;Power-Plus
229;porro992;54;Power-Premium
230;ROecz5707;22;Power-VIP
231;quia552;77;Power
232;dolores474;00;Power-VIP
233;eaque692;05;Power-Plus
234;HalOesz8513;39;Power-Plus
235;sit324;75;Power-Plus
236;KirOely6170;81;Power-Plus
237;qui946;23;Power
238;voluptatem349;60;Power-Plus
239;NovOek1225;94;Power-VIP
240;VOArOAs2342;71;Power-Premium
241;OrsOus5427;48;Power-Premium
242;Balog3135;60;Power-VIP
243;non377;94;Power-VIP
244;SzOokely7960;42;Power-VIP
245;rerum483;08;Power
246;Szalai1132;82;Power
247;cupiditate181;76;Power-VIP
248;BognOer5666;63;Power-VIP
249;accusantium452;55;Power-Plus
250;veritatis265;20;Power-Premium
251;FaragOu4518;48;Power-Premium
252;BirOu1377;60;Power-VIP
253;Jakab4975;03;Power-Premium
254;SzabOu1174;78;Power-Plus
255;Barna1031;54;Power-Premium
256;reiciendis663;04;Power-Premium
257;Kis5461;76;Power-Plus
258;Hajdu6677;90;Power-Plus
259;Papp3237;68;Power-Premium
260;nam613;89;Power-VIP
261;Fazekas2859;58;Power-Premium
262;Fodor3565;13;Power-Plus
263;VOArOAs4740;63;Power
264;Veres5677;84;Power-Premium
265;KovOecs1303;44;Power-Plus
266;quaerat988;19;Power-Premium
267;KirOely9075;26;Power-Premium
268;sequi818;84;Power-Plus
269;Magyar9827;22;Power-VIP
270;eum426;70;Power
271;nemo660;55;Power-Premium
272;BalOezs4384;34;Power
273;error565;93;Power-VIP
274;velit394;00;Power-Plus
275;cupiditate394;01;Power-Plus
276;nam492;32;Power-Premium
277;et965;75;Power-Premium
278;Balla1723;57;Power
279;dolorum626;73;Power-Premium
280;qui228;78;Power-VIP
281;Jakab3587;53;Power
282;vitae527;80;Power-VIP
283;in883;96;Power-Plus
284;quam306;89;Power-Premium
285;sit149;33;Power-VIP
286;enim384;94;Power-VIP
287;accusamus271;68;Power
288;eaque738;17;Power-Plus
289;FehOor8897;94;Power-Premium
290;HegedOUs9033;67;Power-VIP
291;fuga902;00;Power-Premium
292;JOunOes3374;11;Power-Plus
293;SOendor8809;34;Power-VIP
294;ROecz2418;70;Power-Premium
295;FOUlOAp6123;76;Power-Plus
296;VOogh1992;16;Power-VIP
297;PintOor9469;09;Power-Premium
298;Veres9502;04;Power
299;alias992;54;Power-VIP
300;et814;52;Power-Premium
301;SzUIke2553;16;Power-VIP
302;temporibus520;71;Power-Premium
303;Veres5620;69;Power-Premium
304;POesztor6135;25;Power-Plus
305;doloremque840;66;Power-VIP
306;HegedUUs1873;39;Power-Plus
307;dolore392;21;Power-Plus
308;deleniti255;95;Power-VIP
309;SzUUcs9802;53;Power-Premium
310;Fazekas6373;78;Power-Premium
311;tempore166;93;Power-VIP
312;TamOes2972;37;Power-VIP
313;ut612;16;Power-Plus
314;consequuntur802;03;Power-Premium
315;Magyar8176;98;Power
316;magnam579;95;Power-Plus
317;ut448;44;Power-Premium
318;veniam867;55;Power
319;TOArOAk4043;53;Power-Plus
320;impedit612;89;Power-VIP
321;Sipos3071;90;Power
322;Pap3718;77;Power-Premium
323;et700;29;Power-Premium
324;ut445;53;Power-Premium
325;HegedUUs3143;32;Power-Premium
326;DeOek3295;10;Power-VIP
327;totam102;27;Power-Plus
328;NOometh7905;20;Power-Premium
329;ut735;99;Power-Plus
330;LOeszlOu1590;34;Power
331;SoOus2185;18;Power-Plus
332;SzUUcs9697;33;Power-Premium
333;assumenda579;14;Power-Premium
334;quasi675;47;Power-Premium
335;Balog8430;57;Power-Premium
336;aut987;99;Power-Plus
337;FehOor2042;66;Power-Plus
338;SzabOu1093;09;Power
339;tempora573;56;Power-Premium
340;JOunOes5331;20;Power-VIP
341;perferendis811;31;Power-VIP
342;qui956;10;Power-VIP
343;ad456;61;Power-Premium
344;eligendi760;48;Power-Plus
345;GOel5714;03;Power
346;eveniet665;08;Power-Plus
347;aliquam118;73;Power-Premium
348;pariatur773;28;Power-VIP
349;qui478;15;Power-VIP
350;dolores130;80;Power-VIP
351;Katona1780;70;Power-Premium
352;fugiat390;84;Power-Plus
353;aut836;41;Power
354;GulyOes4092;60;Power-Premium
355;ipsa778;81;Power-Plus
356;VOeradi8045;66;Power-Plus
357;Fekete6436;48;Power-VIP
358;nihil145;01;Power-VIP
359;voluptatem438;07;Power-Plus
360;quos422;92;Power
361;Lengyel3121;44;Power-Premium
362;GulyOes1657;94;Power
363;Fazekas1551;83;Power-VIP
364;temporibus634;35;Power-Plus
365;Bakos5880;88;Power-Premium
366;qui640;93;Power-VIP
367;TakOecs9571;45;Power
368;officiis452;05;Power
369;BalOezs8726;30;Power-VIP
370;Kis5295;50;Power
371;HorvOeth8380;49;Power-Plus
372;Barna3986;52;Power-VIP
373;Nagy3264;13;Power-Plus
374;Kis2494;44;Power-VIP
375;Fazekas9731;11;Power-Premium
376;aut803;08;Power-Premium
377;soluta495;85;Power-Plus
378;Szekeres4331;91;Power-Plus
379;Kiss1944;17;Power-VIP
380;Kelemen3888;50;Power-Premium
381;explicabo636;64;Power
382;Lengyel3363;03;Power-VIP
383;iusto649;13;Power-Plus
384;ducimus631;15;Power-Plus
385;Pap6622;66;Power-Premium
386;id238;27;Power-VIP
387;Hajdu8583;29;Power-Plus
388;minima364;00;Power
389;Csonka9981;53;Power
390;OrbOen1091;54;Power
391;quia491;45;Power
392;cum888;88;Power-Premium
393;MolnOer8500;36;Power
394;est510;71;Power
395;Farkas7246;04;Power-Premium
396;JOunOes7076;81;Power-VIP
397;VOeradi1146;25;Power-VIP
398;Farkas8285;26;Power-Premium
399;SzOokely3164;45;Power-VIP
400;et315;75;Power-VIP
401;sapiente209;47;Power-VIP
402;Fazekas7687;17;Power-Plus
403;Major5468;56;Power-VIP
404;Kocsis3916;77;Power-Premium
405;Varga3952;78;Power-Premium
406;SzUUcs8245;79;Power
407;dolor447;90;Power-Plus
408;POel7899;29;Power-Plus
409;BognOer5071;47;Power
410;SzUIke2886;38;Power
411;repellat568;14;Power
412;SzUUcs5157;05;Power
413;Vass2194;14;Power
414;Dobos3379;86;Power
415;voluptatem471;53;Power-VIP
416;odio632;34;Power-Premium
417;rerum861;13;Power-Plus
418;Barta1829;70;Power
419;voluptatem995;05;Power-VIP
420;BorbOoly8785;28;Power-Premium
421;SzOUcs1169;15;Power-Premium
422;Kozma1116;86;Power-VIP
423;SoOus6460;42;Power
424;voluptates649;75;Power-VIP
425;et846;51;Power-Plus
426;facilis693;03;Power-VIP
427;cum956;63;Power-Plus
428;BogdOen9765;34;Power
429;aliquam934;10;Power-Premium
430;rerum220;44;Power-Plus
431;SoOus4651;68;Power-Plus
432;ut549;89;Power-Premium
433;FaragOu6194;16;Power-Premium
434;Kiss8673;00;Power-VIP
435;SzUIke5776;48;Power-VIP
436;SzabOu9037;90;Power-Premium
437;Balogh5903;35;Power-VIP
438;tempora277;23;Power-Plus
439;Veres9285;43;Power-VIP
440;id869;95;Power-Premium
441;HegedOUs1152;90;Power-VIP
442;Szalai5584;25;Power-Premium
443;TOArOAk6882;71;Power-VIP
444;fuga843;66;Power-Plus
445;LOeszlOu8295;52;Power-Plus
446;HegedUUs8898;00;Power-Premium
447;tenetur136;95;Power-VIP
448;SzilOegyi8471;83;Power-Plus
449;Varga8113;10;Power-Premium
450;nostrum595;24;Power-VIP
451;distinctio556;01;Power-Premium
452;totam137;48;Power
453;POoter1348;32;Power-Plus
454;Katona3773;70;Power
455;consequatur750;91;Power-Plus
456;GulyOes9702;33;Power-Premium
457;non861;82;Power
458;dolore981;13;Power-Premium
459;GOel7609;50;Power
460;veniam518;57;Power
461;perferendis762;49;Power
462;MOoszOeros2004;25;Power-VIP
463;labore813;27;Power
464;Magyar8579;87;Power-VIP
465;sequi405;47;Power-VIP
466;et954;82;Power-VIP
467;BOelint2397;18;Power-Premium
468;Boros9379;51;Power-Plus
469;recusandae892;08;Power-VIP
470;enim522;99;Power-VIP
471;ROecz9178;23;Power-Plus
472;ut506;48;Power-Plus
473;Nemes8947;22;Power-VIP
474;aspernatur206;98;Power
475;Somogyi9675;15;Power
476;POoter2246;75;Power-Premium
477;Balogh2064;52;Power
478;aliquam367;69;Power
479;POel1832;91;Power-Premium
480;esse869;35;Power-VIP
481;NOometh6896;70;Power
482;ullam177;22;Power-Premium
483;voluptas723;82;Power
484;JuhOesz7565;92;Power-VIP
485;Katona1406;44;Power-Premium
486;Major4629;34;Power
487;culpa412;43;Power-VIP
488;pariatur116;14;Power-VIP
489;FehOor9553;35;Power-VIP
490;et210;15;Power
491;rerum900;00;Power-Plus
492;voluptas504;37;Power-Premium
493;VOogh5771;03;Power-Premium
494;Dobos1611;55;Power-Plus
495;hic488;58;Power-VIP
496;ea189;12;Power-VIP
497;HegedOUs9182;58;Power
498;Barta1871;17;Power-VIP
499;Balla2975;46;Power-VIP
500;GOespOer6609;64;Power
501;Lengyel8260;75;Power-VIP
502;NOometh7511;29;Power-Plus
503;excepturi513;32;Power-Premium
504;temporibus208;02;Power-Plus
505;Balla1694;93;Power-VIP
506;repellendus127;98;Power-Premium
507;TakOecs7730;45;Power-Plus
508;Kiss6966;45;Power-Premium
509;BirOu4091;00;Power
510;quia518;52;Power-Plus
511;quibusdam664;70;Power-Plus
512;est493;82;Power-Premium
513;LOeszlOu8725;14;Power-Plus
514;JOunOes4299;70;Power-VIP
515;ut278;11;Power-VIP
516;GulyOes4756;45;Power-VIP
517;POel9978;67;Power
518;Fazekas7502;65;Power-Premium
519;officiis394;58;Power-Plus
520;NOometh9581;27;Power-VIP
521;occaecati212;41;Power-Plus
522;HegedUUs3859;78;Power-Premium
523;Szekeres6851;76;Power-Plus
524;Jakab8503;37;Power-VIP
525;eum351;91;Power-Plus
526;vitae563;20;Power-Plus
527;enim605;37;Power-VIP
528;id163;34;Power-Premium
529;sunt200;61;Power-Plus
530;OlOeh6433;74;Power
531;quibusdam247;40;Power-Plus
532;Major1777;15;Power
533;porro850;96;Power-VIP
534;BogdOen7584;94;Power-Plus
535;MOetOo3620;74;Power-Plus
536;SzOokely2874;00;Power
537;Fodor2114;64;Power
538;aut790;26;Power-Plus
539;TOArOAk5340;13;Power
540;OrsOus4119;11;Power
541;rerum211;64;Power
542;non386;26;Power
543;minima408;04;Power-Premium
544;soluta418;69;Power-VIP
545;officiis525;58;Power
546;dolorum243;88;Power-VIP
547;ROecz6451;47;Power-VIP
548;SzilOegyi7513;92;Power
549;quo367;74;Power-Premium
550;POesztor8368;09;Power-Premium
551;Katona5164;58;Power-VIP
552;Szekeres3886;56;Power-Premium
553;BOelint4984;40;Power-Plus
554;TakOecs5559;90;Power
555;SzUIke2527;18;Power-Plus
556;modi867;75;Power-Plus
557;non291;19;Power-Plus
558;Vincze7627;82;Power-VIP
559;TOuth8179;92;Power
560;quidem801;49;Power
561;MOoszOeros4256;05;Power-Plus
562;ut424;05;Power
563;dolorum762;42;Power
564;Szekeres9090;39;Power-Plus
565;Papp3957;42;Power-Plus
566;beatae100;61;Power-Premium
567;facilis781;23;Power-VIP
568;magnam341;37;Power-Premium
569;Dobos4344;08;Power
570;quidem518;88;Power-Premium
571;MolnOer2713;75;Power
572;suscipit703;76;Power
573;Sipos3374;19;Power-Plus
574;Farkas9233;89;Power
575;rerum325;74;Power
576;reiciendis702;73;Power-Plus
577;aut640;84;Power
578;deserunt522;14;Power
579;SoOus3419;57;Power-Plus
580;aut627;06;Power
581;nobis236;92;Power-Premium
582;ullam196;97;Power-VIP
583;VOArOAs2712;90;Power-Premium
584;SzabOu6573;81;Power-Premium
585;consequuntur366;72;Power-Premium
586;MOetOo9720;42;Power-Plus
587;SzOUcs2919;57;Power-Premium
588;SzUIke7804;16;Power-Plus
589;assumenda952;43;Power
590;quia434;56;Power-Premium
591;distinctio261;81;Power-Premium
592;Csonka9566;02;Power
593;consequatur954;01;Power-VIP
594;DeOek3108;88;Power
595;voluptatem922;84;Power-Premium
596;BodnOer6279;47;Power-Plus
597;BognOer2912;43;Power
598;GulyOes9075;75;Power
599;SzabOu1305;09;Power-Premium
600;quibusdam651;29;Power
601;Fazekas8801;45;Power
602;Budai8405;48;Power-Plus
603;consequuntur512;25;Power-Plus
604;Balogh8783;83;Power-Plus
605;non909;64;Power-VIP
606;autem736;20;Power-Plus
607;sapiente337;27;Power
608;Pataki4952;60;Power-Plus
609;officia543;14;Power
610;sed692;48;Power-Plus
611;incidunt150;71;Power-Plus
612;Budai9520;91;Power-Premium
613;Nemes1715;33;Power-Plus
614;nihil252;26;Power-Premium
615;Barta6498;44;Power-Plus
616;corrupti580;39;Power
617;VOArOAs7472;41;Power-VIP
618;quo400;74;Power-Plus
619;officia942;81;Power-VIP
620;NovOek6258;38;Power-Plus
621;Simon3372;61;Power
622;OrsOus1942;38;Power-Plus
623;FehOor3782;33;Power
624;KovOecs6403;70;Power-Premium
625;Fazekas4516;89;Power
626;neque607;78;Power
627;aut306;63;Power-VIP
628;reiciendis132;42;Power
629;itaque358;86;Power-VIP
630;KirOely1065;88;Power
631;odio332;22;Power-Premium
632;nemo248;86;Power
633;PintOor3665;40;Power-Plus
634;BalOezs7421;25;Power-VIP
635;Bakos8188;04;Power-Plus
636;BogdOen1334;94;Power-VIP
637;rerum646;62;Power-Premium
638;facilis416;20;Power
639;alias255;32;Power-Plus
640;natus548;85;Power
641;SzOUcs7649;77;Power
642;reprehenderit411;08;Power
643;modi955;06;Power-Plus
644;vitae943;75;Power
645;HegedOUs6039;70;Power-Plus
646;HegedUUs5918;55;Power-Premium
647;Csonka7011;54;Power
648;eos867;44;Power
649;sit145;52;Power
650;SOendor7756;85;Power
651;DudOes6739;25;Power-Plus
652;OrbOen8663;87;Power-VIP
653;reprehenderit528;46;Power-Premium
654;DeOek2696;05;Power-Premium
655;Boros1302;65;Power-Premium
656;libero884;10;Power-Plus
657;Lengyel5240;01;Power-VIP
658;Dobos1214;27;Power
659;recusandae591;34;Power-Plus
660;suscipit955;61;Power-VIP
661;SoOus4874;63;Power-Plus
662;Barta2570;52;Power
663;BalOezs3245;06;Power-Plus
664;sunt709;97;Power-VIP
665;repudiandae235;75;Power-VIP
666;HorvOeth6026;36;Power-Premium
667;HegedUUs5805;96;Power-Plus
668;DudOes4774;53;Power
669;Nagy3629;48;Power-VIP
670;GOel6142;94;Power
671;praesentium229;19;Power
672;voluptas540;13;Power-Plus
673;sint810;62;Power-Premium
674;officiis494;66;Power-Plus
675;at985;37;Power
676;Fazekas8106;81;Power
677;quam869;09;Power
678;modi564;91;Power-VIP
679;qui816;62;Power
680;praesentium840;59;Power-Premium
681;POel9116;52;Power-Premium
682;dolor761;32;Power-Plus
683;nihil559;51;Power-Plus
684;Fodor8882;28;Power-VIP
685;aut402;86;Power-Premium
686;nihil343;11;Power-Premium
687;GOel7846;84;Power-Premium
688;unde100;25;Power
689;Kocsis5958;06;Power-VIP
690;ipsum880;92;Power-VIP
691;voluptatum267;01;Power
692;voluptates454;88;Power-Premium
693;id377;48;Power
694;doloribus344;61;Power-Plus
695;quisquam526;24;Power-VIP
696;SoOus6432;58;Power-Premium
697;voluptatem124;44;Power-VIP
698;adipisci940;17;Power-Plus
699;FehOor5230;14;Power-Premium
700;asperiores130;58;Power-Plus
701;Fekete3186;71;Power
702;exercitationem170;82;Power-Premium
703;rerum715;89;Power-Plus
704;BorbOoly5887;04;Power-VIP
705;BalOezs6918;20;Power
706;Magyar6201;07;Power-Premium
707;VOeradi5998;49;Power
708;SzabOu7178;33;Power-Premium
709;vitae988;15;Power
710;mollitia274;01;Power
711;perspiciatis897;02;Power
712;Papp5547;42;Power-VIP
713;similique525;21;Power-Premium
714;VOArOAs2021;80;Power-Premium
715;Balogh2984;77;Power
716;PintOor4682;15;Power-Plus
717;Hajdu5083;88;Power
718;Boros1177;73;Power-Premium
719;GOespOer3042;49;Power-VIP
720;Barna8569;68;Power-Premium
721;Barna8222;27;Power-Plus
722;VOArOAs4617;88;Power-VIP
723;FehOor8321;41;Power
724;GulyOes8293;39;Power-Premium
725;SzOUcs9446;50;Power-Plus
726;rerum602;06;Power-Premium
727;possimus571;29;Power
728;TOArOAk2110;58;Power
729;Pataki4395;06;Power-Plus
730;laudantium739;88;Power
731;TOuth2534;69;Power
732;Fazekas8064;04;Power
733;OlOeh7542;13;Power-Plus
734;qui446;96;Power-Premium
735;Csonka1594;57;Power-Plus
736;dolorem700;63;Power
737;BalOezs2036;16;Power
738;LOeszlOu6454;84;Power-Plus
739;suscipit569;51;Power-Plus
740;TOuth5047;24;Power-Plus
741;Balog8880;87;Power-Plus
742;et237;76;Power
743;rerum665;49;Power
744;Balog6138;40;Power-VIP
745;OlOeh6710;54;Power-VIP
746;est652;47;Power-Plus
747;tempore260;86;Power
748;GulyOes5522;56;Power-VIP
749;harum963;08;Power-VIP
750;qui109;15;Power-Plus
751;JOunOes3232;41;Power-Premium
752;KovOecs4009;09;Power-VIP
753;OlOeh8813;81;Power-Premium
754;SzilOegyi1336;03;Power-Plus
755;JOunOes8323;50;Power-Plus
756;aut100;56;Power
757;HegedUUs1043;09;Power-VIP
758;SzilOegyi9910;77;Power
759;fugiat484;83;Power-Premium
760;quaerat524;77;Power
761;GulyOes8446;12;Power
762;Jakab5129;25;Power-Premium
763;quia306;03;Power
764;SzilOegyi1681;28;Power-Premium
765;voluptas283;36;Power-VIP
766;SOendor1250;45;Power-Premium
767;nostrum914;28;Power-VIP
768;fugiat137;56;Power-Premium
769;sapiente183;79;Power-VIP
770;voluptatem594;94;Power-Plus
771;praesentium234;37;Power-Plus
772;Csonka4016;78;Power-Premium
773;saepe133;86;Power-Plus
774;Vincze7175;94;Power-Plus
775;alias962;15;Power-VIP
776;Balog1220;40;Power
777;aliquid417;20;Power-Premium
778;PintOor2493;59;Power-Premium
779;ad817;17;Power-VIP
780;repudiandae615;43;Power-Premium
781;inventore464;49;Power
782;asperiores618;78;Power-Plus
783;in302;04;Power
784;ratione178;32;Power-Premium
785;POel2780;32;Power
786;KirOely6219;79;Power-VIP
787;unde495;63;Power-Premium
788;GOel7665;28;Power-Premium
789;FaragOu6806;38;Power-Plus
790;ipsa567;34;Power-VIP
791;MolnOer6596;28;Power-Premium
792;Lakatos8325;72;Power
793;ut891;14;Power
794;eos138;13;Power-Premium
795;vitae673;99;Power-Plus
796;Veres6487;06;Power-Premium
797;SzabOu1784;34;Power-Plus
798;quo509;31;Power
799;POesztor9905;29;Power-Plus
800;HorvOeth5228;23;Power-Plus
801;KirOely3090;77;Power
802;Balog3695;39;Power
803;BirOu9731;58;Power-VIP
804;MOetOo8008;86;Power-Plus
805;incidunt713;00;Power-Plus
806;sequi124;57;Power
807;Nemes1906;37;Power-Plus
808;Antal8365;53;Power
809;BorbOoly5817;13;Power-Plus
810;ab439;07;Power
811;voluptas166;75;Power-Plus
812;iure506;66;Power-VIP
813;et452;22;Power-Plus
814;SOendor8785;77;Power
815;OrbOen4048;93;Power-VIP
816;Szalai3803;83;Power-VIP
817;mollitia833;79;Power-Premium
818;LukOecs6121;97;Power
819;expedita479;85;Power
820;GulyOes2221;99;Power-VIP
821;Antal2821;04;Power
822;NOometh2894;08;Power
823;Sipos6178;59;Power
824;HegedUUs5554;44;Power-Plus
825;officiis895;66;Power-Plus
826;qui962;84;Power-Plus
827;GulyOes5366;24;Power
828;molestiae633;89;Power-VIP
829;TOArOAk1598;97;Power
830;qui235;57;Power
831;Pataki3397;18;Power-Premium
832;Major9366;38;Power-VIP
833;officia391;91;Power
834;GOel5741;59;Power-VIP
835;voluptas178;81;Power-Plus
836;Major1529;13;Power-Premium
837;animi777;21;Power-Premium
838;GOespOer7455;54;Power-Plus
839;Somogyi4914;57;Power-Premium
840;consequatur664;52;Power-Premium
841;illo485;73;Power-VIP
842;DudOes7100;54;Power-Plus
843;enim489;21;Power-Premium
844;fugit346;84;Power-Premium
845;sed695;73;Power-Plus
846;Csonka9024;84;Power-Premium
847;eaque609;16;Power
848;velit138;25;Power
849;BOelint4192;50;Power-Plus
850;est169;67;Power-Premium
851;Boros5807;71;Power-Plus
852;VirOeg1691;25;Power
853;Balog7590;02;Power-VIP
854;animi550;37;Power-Premium
855;est929;71;Power-Premium
856;repellendus370;61;Power-VIP
857;sunt638;20;Power
858;Boros1033;31;Power-Plus
859;consectetur340;93;Power
860;Szekeres9304;38;Power
861;ducimus354;12;Power
862;illo226;19;Power-Premium
863;eos582;67;Power-VIP
864;placeat427;47;Power-VIP
865;quia290;54;Power
866;BOelint2990;37;Power-VIP
867;nesciunt466;16;Power-Plus
868;POesztor7814;24;Power-Plus
869;atque192;49;Power-Plus
870;rerum419;44;Power-Plus
871;in750;07;Power-Premium
872;HegedOUs9100;38;Power
873;ipsam789;33;Power-Premium
874;SzUUcs9407;57;Power
875;sed149;98;Power
876;asperiores639;44;Power-Premium
877;veniam990;09;Power-Plus
878;hic624;35;Power-VIP
879;qui866;13;Power-Plus
880;qui673;09;Power-Plus
881;vero495;78;Power-VIP
882;Lengyel1914;08;Power-Premium
883;BalOezs6426;91;Power
884;Lengyel1683;27;Power-VIP
885;sunt519;21;Power-Premium
886;eos817;55;Power
887;Somogyi6617;30;Power-VIP
888;NovOek8996;04;Power
889;et827;32;Power-Premium
890;in355;62;Power-VIP
891;quo986;06;Power
892;sed500;84;Power
893;OrbOen6915;68;Power-Plus
894;DeOek9257;27;Power-Premium
895;VOArOAs9431;12;Power-VIP
896;Papp5996;84;Power-VIP
897;POel9848;65;Power
898;sapiente419;58;Power-VIP
899;dolor721;63;Power-Premium
900;MOoszOeros4440;72;Power-Premium
901;Nagy3998;06;Power-VIP
902;occaecati222;92;Power-Plus
903;beatae202;71;Power
904;tempora147;06;Power
905;HalOesz1259;02;Power-VIP
906;sint882;36;Power-Premium
907;quis210;07;Power-Plus
908;accusantium118;84;Power-VIP
909;et680;18;Power
910;eligendi240;64;Power-Plus
911;vel426;18;Power
912;JuhOesz7092;51;Power
913;numquam595;95;Power-Plus
914;BalOezs5941;51;Power-Premium
915;HorvOeth7878;65;Power-Premium
916;HalOesz2558;99;Power
917;molestiae509;23;Power
918;Nagy6669;22;Power-VIP
919;VOeradi2420;67;Power-Premium
920;possimus799;90;Power-Premium
921;FOebiOen2994;75;Power-VIP
922;labore790;28;Power-Premium
923;amet954;91;Power-VIP
924;dignissimos118;78;Power-Premium
925;BalOezs1786;85;Power-Premium
926;Dobos7772;99;Power-Plus
927;dolor795;70;Power
928;tenetur769;45;Power-VIP
929;VOeradi6000;99;Power
930;aut670;25;Power-VIP
931;rem835;84;Power
932;necessitatibus569;06;Power-Premium
933;modi302;56;Power-Plus
934;dignissimos668;51;Power
935;Farkas5265;23;Power-Premium
936;dolorem943;42;Power-Plus
937;Magyar9430;39;Power-Premium
938;Szekeres1186;25;Power-Plus
939;aliquam129;47;Power-VIP
940;alias472;69;Power-Premium
941;BogdOen5665;52;Power-Plus
942;natus102;67;Power-Premium
943;Lakatos3793;69;Power-Plus
944;BirOu1075;02;Power-VIP
945;Budai5840;71;Power-VIP
946;JuhOesz7573;19;Power-VIP
947;Barna7985;35;Power
948;Lakatos8267;16;Power-Premium
949;OrsOus9212;17;Power
950;Vincze6374;37;Power
951;FOebiOen6631;46;Power-Plus
952;unde571;97;Power
953;Pap7591;76;Power-Premium
954;sed679;79;Power-Plus
955;Fekete9397;68;Power-Premium
956;SoOus2258;58;Power-VIP
957;at686;00;Power
958;officiis445;49;Power-VIP
959;Szekeres8595;96;Power
960;Fodor4187;72;Power-VIP
961;quis570;30;Power-Plus
962;FehOor8628;66;Power
963;ipsum779;22;Power
964;Vincze1018;54;Power-VIP
965;accusamus152;73;Power-Premium
966;labore184;62;Power
967;illo594;78;Power-Premium
968;FOUlOAp7646;82;Power-Premium
969;PintOor7512;56;Power-Premium
970;accusamus806;23;Power-Plus
971;ut811;48;Power-Premium
972;nisi489;13;Power-Plus
973;FOUlOAp4186;80;Power
974;cumque971;30;Power-Premium
975;quo881;80;Power
976;JOunOes9334;76;Power-VIP
977;nulla531;44;Power
978;consequatur260;47;Power
979;illum584;50;Power
980;quis922;29;Power-VIP
981;iure749;56;Power
982;FehOor8175;70;Power-Plus
983;quod914;64;Power-VIP
984;BorbOoly2097;89;Power
985;qui156;40;Power
986;MOoszOeros8716;40;Power
987;enim934;68;Power-VIP
988;itaque575;41;Power-Plus
989;Fekete8066;38;Power
990;aut343;84;Power
991;BodnOer6148;13;Power-VIP
992;Barna8059;08;Power-Premium
993;FOUlOAp1811;01;Power-Plus
994;Bakos4820;90;Power
995;Balla7760;16;Power-VIP
996;aperiam110;05;Power-VIP
997;qui160;14;Power-VIP
998;TamOes6926;33;Power-VIP
999;eos835;49;Power-VIP
1000;Nemes2785;60;Power
1001;Katona5052;24;Power
1002;suscipit754;05;Power-Premium
1003;qui890;87;Power-Premium
1004;VOogh5596;04;Power-VIP
1005;commodi490;88;Power-VIP
1006;OrsOus7809;27;Power-VIP
1007;OrbOen5481;12;Power-Plus
1008;animi980;96;Power-Premium
1009;dolor715;89;Power-VIP
1010;BOelint7339;67;Power-Premium
1011;ipsum620;26;Power-Plus
1012;Kis1372;01;Power
1013;SOendor6550;57;Power-Plus
1014;SzilOegyi9638;37;Power-Premium
1015;FOUlOAp4048;09;Power-VIP
1016;Katona6827;75;Power-Premium
1017;nisi756;18;Power-VIP
1018;facere368;14;Power-Plus
1019;Pap5668;34;Power-Plus
1020;aspernatur496;16;Power-VIP
1021;Fazekas7033;44;Power-Plus
1022;POel1338;00;Power-Premium
1023;excepturi288;26;Power
1024;suscipit684;32;Power-Plus
1025;recusandae204;53;Power-Premium
1026;dolorem154;53;Power
1027;ab472;16;Power-VIP
1028;Orosz4371;13;Power-Premium
1029;Barna7606;96;Power-Plus
1030;OrsOus5924;07;Power-VIP
1031;voluptatem703;11;Power
1032;NOometh8872;18;Power-Plus
1033;Vincze2598;45;Power-Plus
1034;DudOes2820;19;Power-Plus
1035;LukOecs7570;88;Power-VIP
1036;Balog6257;44;Power-Plus
1037;optio137;77;Power-Plus
1038;accusamus247;83;Power
1039;GOespOer7684;06;Power-Premium
1040;Vincze2883;78;Power-Premium
1041;Simon9411;33;Power
1042;consequuntur513;76;Power-Plus
1043;Farkas8717;10;Power-VIP
1044;qui915;28;Power
1045;Fazekas8893;27;Power-VIP
1046;Vincze1762;49;Power
1047;DudOes7498;49;Power
1048;cumque337;22;Power-Plus
1049;BognOer1589;58;Power-Plus
1050;aspernatur425;95;Power-Premium
1051;aut623;02;Power
1052;NovOek8184;47;Power-Plus
1053;BogdOen9447;69;Power-VIP
1054;quisquam542;81;Power-Plus
1055;animi564;30;Power-VIP
1056;JOunOes1124;54;Power
1057;cum967;64;Power-Premium
1058;NOometh4678;47;Power-Plus
1059;FehOor4472;16;Power
1060;VOArOAs7740;30;Power
1061;quo794;72;Power-Plus
1062;repudiandae260;13;Power-VIP
1063;unde368;83;Power
1064;modi615;74;Power-Plus
1065;omnis423;87;Power-Plus
1066;Pataki3711;32;Power
1067;et844;79;Power-VIP
1068;qui134;77;Power
1069;voluptates982;94;Power-VIP
1070;magni547;06;Power-Premium
1071;Fekete1586;80;Power-VIP
1072;BOelint6183;42;Power-Plus
1073;Lengyel6157;93;Power-VIP
1074;voluptas842;40;Power-Premium
1075;HegedOUs4400;27;Power-Plus
1076;POoter2402;94;Power-Plus
1077;MolnOer7090;77;Power-VIP
1078;rerum512;28;Power-Premium
1079;reprehenderit225;51;Power-Premium
1080;similique428;92;Power-VIP
1081;JuhOesz3742;90;Power
1082;dolor971;44;Power-Premium
1083;SzOokely8968;90;Power-VIP
1084;Hajdu3678;49;Power-VIP
1085;LukOecs5828;41;Power-VIP
1086;illo109;27;Power
1087;tempora792;59;Power-VIP
1088;tempore304;72;Power
1089;Szalai3112;88;Power
1090;FOUlOAp6821;32;Power
1091;qui953;37;Power
1092;animi969;00;Power-Plus
1093;magni431;39;Power-Plus
1094;SzOokely6741;06;Power-Premium
1095;voluptatem470;27;Power-Plus
1096;TOuth9960;50;Power
1097;veniam720;48;Power-Premium
1098;Budai5429;00;Power
1099;BodnOer2277;26;Power-VIP
1100;GOespOer9581;12;Power-VIP
1101;animi753;59;Power-Plus
1102;Fodor6520;27;Power
1103;DeOek6846;72;Power-Premium
1104;alias988;81;Power
1105;OrbOen9088;83;Power-VIP
1106;Vass8617;84;Power
1107;GOel1191;84;Power-Premium
1108;et528;03;Power-Premium
1109;ut599;39;Power-Premium
1110;voluptatum877;62;Power-Plus
1111;quibusdam185;14;Power-Plus
1112;voluptas347;30;Power-VIP
1113;Nemes3764;79;Power-Plus
1114;ipsam703;56;Power-Plus
1115;Kerekes2482;16;Power
1116;Kiss5825;90;Power
1117;quod862;45;Power
1118;iusto717;13;Power
1119;veniam706;25;Power-Premium
1120;GulyOes4289;12;Power
1121;quas461;07;Power-VIP
1122;Hajdu2065;29;Power-Premium
1123;BogdOen5750;89;Power-Premium
1124;HalOesz1617;52;Power-Premium
1125;VOeradi5040;22;Power-VIP
1126;Barta2727;96;Power
1127;IllOos4820;12;Power
1128;qui545;49;Power-VIP
1129;quas197;99;Power-Premium
1130;est871;45;Power-Premium
1131;TamOes9998;43;Power-VIP
1132;alias810;48;Power-VIP
1133;FOUlOAp4211;76;Power-Plus
1134;FOebiOen5152;47;Power
1135;iste240;35;Power-Plus
1136;BodnOer4747;04;Power-VIP
1137;Dobos7567;00;Power-Plus
1138;BorbOoly6801;90;Power-Premium
1139;BorbOoly6710;95;Power-VIP
1140;assumenda449;90;Power-Plus
1141;quidem401;60;Power-Plus
1142;HalOesz5530;63;Power-Premium
1143;Hajdu4806;30;Power-VIP
1144;in166;42;Power-VIP
1145;MolnOer1338;30;Power-Plus
1146;quasi639;95;Power-VIP
1147;Orosz5616;75;Power-Plus
1148;Lakatos9202;89;Power-Premium
1149;explicabo674;53;Power-Premium
1150;sed412;72;Power-VIP
1151;tempore419;89;Power-Plus
1152;hic137;90;Power-VIP
1153;distinctio876;78;Power-Premium
1154;Lakatos4808;91;Power
1155;Pap8884;37;Power-Premium
1156;laudantium729;21;Power-Plus
1157;Fazekas6217;31;Power-VIP
1158;dolor122;78;Power-Premium
1159;LOeszlOu1878;94;Power-Plus
1160;laboriosam515;66;Power-VIP
1161;rerum490;29;Power-Premium
1162;repellat990;72;Power-VIP
1163;et682;85;Power-Premium
1164;vel421;38;Power
1165;SzUIke2168;33;Power-VIP
1166;FaragOu5033;98;Power-Plus
1167;OrbOen2249;12;Power-Premium
1168;velit823;70;Power-Premium
1169;Fekete9399;75;Power-Plus
1170;facilis583;82;Power-Premium
1171;SzabOu3248;53;Power-Plus
1172;fugit339;77;Power-VIP
1173;NOometh6689;52;Power-VIP
1174;Vincze9292;14;Power-Plus
1175;voluptatem863;84;Power-Premium
1176;GOespOer7345;27;Power-VIP
1177;labore264;78;Power-Premium
1178;sequi565;66;Power
1179;fuga672;53;Power-VIP
1180;MolnOer3369;00;Power-VIP
1181;voluptatum280;64;Power
1182;qui232;78;Power-VIP
1183;GOespOer4707;87;Power
1184;Farkas9171;09;Power
1185;SOendor7823;03;Power-Plus
1186;debitis261;94;Power
1187;Balogh1591;11;Power-Premium
1188;autem516;70;Power
1189;iste637;94;Power-Premium
1190;non543;26;Power-Plus
1191;unde612;66;Power-VIP
1192;totam217;99;Power
1193;cumque348;61;Power
1194;ROecz3304;82;Power
1195;BOelint1546;57;Power-VIP
1196;iure675;72;Power-Plus
1197;GulyOes2260;25;Power-Plus
1198;Vass9421;10;Power-Premium
1199;VOArOAs3665;02;Power-Plus
1200;voluptatem692;89;Power-Premium
1201;VOeradi1731;03;Power-Plus
1202;BogdOen4062;46;Power-Premium
1203;aut698;27;Power-Plus
1204;OrsOus8731;61;Power-VIP
1205;HalOesz3947;72;Power-VIP
1206;SzUUcs2606;77;Power-Premium
1207;reprehenderit419;28;Power-Plus
1208;velit488;73;Power
1209;rem734;55;Power
1210;TOuth2376;59;Power
1211;quia681;51;Power
1212;voluptatibus278;09;Power-Plus
1213;et620;85;Power-VIP
1214;Farkas8112;75;Power-VIP
1215;sint989;07;Power
1216;Magyar3429;78;Power-VIP
1217;JOunOes4743;88;Power-Premium
1218;voluptas369;55;Power
1219;Hajdu1472;06;Power
1220;MolnOer6153;80;Power
1221;Simon1126;78;Power-Plus
1222;SzOokely5017;13;Power-VIP
1223;Hajdu7742;98;Power
1224;optio934;57;Power-VIP
1225;non687;07;Power
1226;Nemes6011;08;Power-VIP
1227;ut995;01;Power-VIP
1228;BogdOen6562;76;Power
1229;Jakab6497;45;Power-Premium
1230;Vincze8939;28;Power-VIP
1231;Bakos6002;07;Power-Premium
1232;non869;92;Power-Premium
1233;BodnOer9440;89;Power
1234;KirOely9622;30;Power-Plus
1235;dolore538;57;Power-VIP
1236;provident499;93;Power-Premium
1237;Lengyel9890;51;Power-Plus
1238;et984;96;Power-VIP
1239;quia949;92;Power-VIP
1240;quia595;78;Power
1241;HalOesz7728;73;Power-Plus
1242;porro112;16;Power
1243;facilis270;79;Power
1244;Balogh2087;60;Power-Premium
1245;TOuth7713;08;Power-Plus
1246;Jakab8315;13;Power-Premium
1247;a804;36;Power-VIP
1248;illo235;91;Power-VIP
1249;JuhOesz8300;51;Power-VIP
1250;nobis259;75;Power
1251;Kelemen7243;50;Power
1252;corporis148;06;Power-Premium
1253;ut266;13;Power
1254;Major5901;63;Power-VIP
1255;VOeradi2187;96;Power-Plus
1256;VOeradi8651;87;Power-Plus
1257;DeOek2947;63;Power-VIP
1258;laborum801;27;Power-Premium
1259;BorbOoly3209;85;Power-Premium
1260;HegedOUs5545;34;Power-VIP
1261;dolor142;35;Power-VIP
1262;HorvOeth3506;70;Power-Plus
1263;eveniet974;22;Power
1264;rerum759;53;Power-Premium
1265;ullam856;69;Power-Premium
1266;POesztor7716;90;Power-Plus
1267;Varga3833;14;Power-Premium
1268;quas429;55;Power-VIP
1269;et342;05;Power-Premium
1270;quibusdam792;13;Power
1271;Kerekes5275;27;Power-Premium
1272;LukOecs9762;64;Power-Premium
1273;Kelemen7864;93;Power-Premium
1274;Kozma5010;38;Power-Premium
1275;SOendor7273;18;Power-Premium
1276;perspiciatis992;26;Power-VIP
1277;Szekeres4550;56;Power-Plus
1278;assumenda780;74;Power-Premium
1279;DeOek6319;57;Power
1280;SzOokely8715;01;Power-Premium
1281;doloremque882;75;Power-Premium
1282;Kiss2860;75;Power-Plus
1283;VOeradi3081;70;Power
1284;quis915;54;Power-Plus
1285;MolnOer4153;39;Power-VIP
1286;harum845;68;Power
1287;Fodor4533;48;Power
1288;OrbOen6144;33;Power
1289;Fodor6824;18;Power-Premium
1290;et997;76;Power-Premium
1291;BalOezs5904;22;Power-Premium
1292;VOogh4204;66;Power
1293;Fazekas5930;99;Power-Premium
1294;POesztor5928;38;Power-Plus
1295;quia296;08;Power-Premium
1296;Kelemen4584;72;Power-VIP
1297;qui574;92;Power-VIP
1298;Lakatos8139;30;Power
1299;BogdOen8178;71;Power-VIP
1300;delectus601;95;Power-VIP
1301;Kis4486;56;Power-VIP
1302;Kelemen4294;33;Power-Premium
1303;NOometh1744;40;Power-Premium
1304;facere410;47;Power-Plus
1305;voluptatem998;32;Power
1306;laborum548;53;Power-Plus
1307;IllOos4545;59;Power-VIP
1308;KovOecs1051;08;Power-Premium
1309;Boros7839;01;Power-Plus
1310;velit870;92;Power-VIP
1311;autem136;65;Power
1312;omnis868;99;Power-Premium
1313;rerum882;63;Power-Premium
1314;SoOus1203;10;Power
1315;quia994;65;Power-VIP
1316;nam936;89;Power
1317;temporibus939;11;Power-Plus
1318;LukOecs5084;16;Power-VIP
1319;aut102;84;Power-Plus
1320;Bakos8041;62;Power
1321;Orosz2245;93;Power
1322;incidunt200;13;Power
1323;Dobos7875;47;Power
1324;ex952;99;Power-Premium
1325;ut447;33;Power-VIP
1326;Kis6491;24;Power-Premium
1327;tempore938;76;Power
1328;TOuth2280;74;Power-Plus
1329;Kis7512;55;Power-Plus
1330;Budai3752;47;Power-Premium
1331;et784;44;Power-Plus
1332;alias724;76;Power-Plus
1333;amet521;76;Power-Premium
1334;ut805;51;Power-Plus
1335;magni364;07;Power-Plus
1336;Balogh9664;42;Power-VIP
1337;BogdOen3019;91;Power
1338;fuga732;80;Power-VIP
1339;eligendi413;92;Power
1340;Boros4086;23;Power-Plus
1341;ullam148;14;Power-Plus
1342;voluptatem521;21;Power-VIP
1343;praesentium713;95;Power-Premium
1344;omnis304;31;Power-Premium
1345;suscipit352;09;Power
1346;OrsOus2650;55;Power-VIP
1347;tenetur953;76;Power-Premium
1348;Papp3049;93;Power-Plus
1349;Boros5671;06;Power-Plus
1350;quibusdam242;11;Power-Plus
1351;MolnOer9767;24;Power-VIP
1352;Lakatos3984;46;Power-VIP
1353;porro541;90;Power-VIP
1354;sed363;44;Power-Plus
1355;nemo731;19;Power-Plus
1356;officia110;71;Power
1357;occaecati548;16;Power-Plus
1358;Budai5129;22;Power-Plus
1359;vitae599;80;Power-Plus
1360;et475;98;Power-Premium
1361;eos448;90;Power-Plus
1362;porro389;42;Power-VIP
1363;quaerat164;73;Power-VIP
1364;Csonka9266;50;Power-Plus
1365;SzilOegyi3709;48;Power-VIP
1366;sapiente542;72;Power-VIP
1367;quis749;20;Power-Premium
1368;Balog3900;74;Power-Premium
1369;GulyOes6747;50;Power-Premium
1370;Jakab4125;80;Power-VIP
1371;Pataki1325;39;Power-VIP
1372;repellat329;00;Power
1373;eius220;91;Power
1374;non252;77;Power
1375;JuhOesz5747;51;Power-Plus
1376;animi983;17;Power-Plus
1377;JOunOes2718;72;Power-Premium
1378;cupiditate856;89;Power-VIP
1379;Szalai8703;33;Power-VIP
1380;Kelemen9129;69;Power-Premium
1381;sit428;40;Power-Premium
1382;nobis516;12;Power-Premium
1383;JuhOesz1356;70;Power-Plus
1384;Barta3956;86;Power-Plus
1385;ut480;50;Power-Premium
1386;ea276;83;Power-Premium
1387;KovOecs4325;78;Power
1388;POel7103;36;Power-Plus
1389;TakOecs9330;54;Power-Premium
1390;illum384;11;Power-Plus
1391;a955;73;Power-VIP
1392;omnis786;84;Power-Plus
1393;HegedOUs3535;86;Power-VIP
1394;est165;50;Power-VIP
1395;Fodor9401;53;Power-Premium
1396;TOArOAk1297;27;Power-VIP
1397;Kis9946;66;Power-Plus
1398;quasi251;88;Power-Plus
1399;quaerat518;83;Power-Plus
1400;deserunt687;63;Power
1401;Antal8246;90;Power
1402;et592;05;Power
1403;Szalai4108;24;Power-VIP
1404;FOebiOen2491;45;Power-VIP
1405;quidem780;06;Power-Premium
1406;TamOes6440;54;Power-Premium
1407;similique474;68;Power-Premium
1408;POesztor2173;85;Power
1409;fugiat146;53;Power-VIP
1410;Papp7460;30;Power
1411;ad537;76;Power-Plus
1412;repudiandae143;07;Power
1413;eligendi649;58;Power-Plus
1414;MOoszOeros7059;34;Power-VIP
1415;laudantium338;00;Power
1416;repellendus672;92;Power-VIP
1417;soluta781;70;Power
1418;KirOely9209;68;Power-VIP
1419;Pataki5248;31;Power-Premium
1420;Lengyel5911;20;Power-Premium
1421;commodi160;94;Power-Premium
1422;atque471;75;Power
1423;Balla4654;67;Power-Plus
1424;Kelemen6289;97;Power-Premium
1425;Pataki5022;72;Power-Plus
1426;ad355;82;Power-Plus
1427;Dobos2114;36;Power
1428;GulyOes9652;12;Power-Plus
1429;BognOer4849;18;Power
1430;ut528;94;Power-VIP
1431;Pataki3280;97;Power
1432;eius901;10;Power-Premium
1433;TOArOAk5822;84;Power-Plus
1434;ut887;31;Power-Premium
1435;Lakatos8794;19;Power-Plus
1436;ea494;28;Power
1437;SOendor2957;86;Power
1438;sed594;23;Power-VIP
1439;HegedOUs6342;53;Power
1440;SzilOegyi6221;61;Power
1441;nobis144;88;Power
1442;eligendi593;04;Power-VIP
1443;Magyar8239;52;Power-Premium
1444;inventore570;00;Power-Plus
1445;non235;51;Power-Premium
1446;esse666;51;Power-Plus
1447;assumenda317;05;Power-Premium
1448;Farkas4896;31;Power-VIP
1449;Pap8409;25;Power-Plus
1450;ullam764;72;Power
